4.297,-2.4222424,2.2555294,8.933858,1980-01-11,17:39:27.421
4.321,-2.4124358,1.3337044,9.15941,1980-01-11,17:39:27.445
4.397,-2.8145084,1.3631244,9.012311,1980-01-11,17:39:27.521
4.467,-2.824315,1.0983448,8.825985,1980-01-11,17:39:27.591
4.575,-1.4023509,1.2846711,9.120184,1980-01-11,17:39:27.699
4.65,-1.7259704,1.5494506,9.45361,1980-01-11,17:39:27.774
4.679,-1.8338435,1.9417167,9.0515375,1980-01-11,17:39:27.803
4.757,-2.0397832,1.3337044,9.365351,1980-01-11,17:39:27.881
4.827,-3.1381278,0.588399,8.757339,1980-01-11,17:39:27.951
4.898,-2.4614692,2.2359161,9.738003,1980-01-11,17:39:28.022
4.993,-3.0989013,1.8926834,10.306788,1980-01-11,17:39:28.117
5.076,-1.93191,1.6965504,9.4241905,1980-01-11,17:39:28.2
5.129,-2.0692031,2.4712758,7.7766733,1980-01-11,17:39:28.253
5.188,-3.049868,4.991585,12.101406,1980-01-11,17:39:28.312
5.258,-6.129156,-0.2745862,8.551398,1980-01-11,17:39:28.382
5.328,0.69627213,2.853735,9.738003,1980-01-11,17:39:28.452
5.423,-4.501252,1.8926834,9.98317,1980-01-11,17:39:28.547
5.506,-2.265336,2.128043,11.199194,1980-01-11,17:39:28.63
5.557,-2.8047018,1.8436501,12.719225,1980-01-11,17:39:28.681
5.631,-0.588399,-0.5099458,11.405133,1980-01-11,17:39:28.755
5.69,0.6864655,2.324176,8.159133,1980-01-11,17:39:28.814
5.768,-0.0784532,-1.1277647,1.2650578,1980-01-11,17:39:28.892
5.868,2.4614692,-0.32361946,3.471554,1980-01-11,17:39:28.992
5.936,4.4129925,3.2361944,5.1582975,1980-01-11,17:39:29.06
5.979,0.5393657,-0.98066497,8.737725,1980-01-11,17:39:29.103
6.056,-0.2353596,-2.6379888,12.189666,1980-01-11,17:39:29.18
6.132,-3.86382,-1.93191,11.571847,1980-01-11,17:39:29.256
6.2,-4.373766,-2.4516625,11.601267,1980-01-11,17:39:29.324
6.293,-1.6769371,-2.128043,8.757339,1980-01-11,17:39:29.417
6.375,-1.6377105,-0.4118793,10.718668,1980-01-11,17:39:29.499
6.427,-3.8245933,-0.5393657,8.531785,1980-01-11,17:39:29.551
6.493,-5.3053975,-0.5982056,12.768258,1980-01-11,17:39:29.617
6.558,-2.0005565,-0.5982056,11.73856,1980-01-11,17:39:29.682
6.592,-2.0005565,-3.2950344,11.73856,1980-01-11,17:39:29.716
6.668,0.36284605,0.51975244,9.022118,1980-01-11,17:39:29.792
6.728,2.7850885,-1.2846711,5.629017,1980-01-11,17:39:29.852
6.778,-1.7750036,-0.88259846,4.177633,1980-01-11,17:39:29.902
6.851,3.8344,-0.88259846,7.4432473,1980-01-11,17:39:29.975
6.872,3.8344,-1.5298374,7.4432473,1980-01-11,17:39:29.996
6.926,0.35303938,-2.1476562,9.973363,1980-01-11,17:39:30.05
7.031,1.8730701,-1.3140911,8.8652115,1980-01-11,17:39:30.155
7.076,2.6674087,-1.5886773,6.3252892,1980-01-11,17:39:30.2
7.152,0.7649187,-1.93191,8.551398,1980-01-11,17:39:30.276
7.22,-0.39226598,-1.7455837,9.257478,1980-01-11,17:39:30.344
7.287,0.4707192,-2.5889556,9.80665,1980-01-11,17:39:30.411
7.388,-1.9221034,-1.6180972,9.80665,1980-01-11,17:39:30.512
7.458,-7.9728065,-3.9913065,16.94589,1980-01-11,17:39:30.582
7.511,-0.8041453,-1.4611908,4.756225,1980-01-11,17:39:30.635
7.577,-2.4810824,-1.9613299,11.875853,1980-01-11,17:39:30.701
7.656,-5.187718,-2.3830159,13.49395,1980-01-11,17:39:30.78
7.723,0.7649187,-2.8929617,10.708861,1980-01-11,17:39:30.847
7.823,4.589512,-0.60801226,9.65955,1980-01-11,17:39:30.947
7.895,1.1081514,-1.1669914,3.4519408,1980-01-11,17:39:31.019
7.949,2.1672697,-0.1372931,1.343511,1980-01-11,17:39:31.073
8.021,2.7850885,-0.588399,3.5205872,1980-01-11,17:39:31.145
8.083,3.1773546,-0.51975244,8.924051,1980-01-11,17:39:31.207
8.163,0.088259846,-1.8436501,13.062457,1980-01-11,17:39:31.287
8.259,-1.8044236,-4.285506,11.581654,1980-01-11,17:39:31.383
8.339,-2.853735,-0.9904716,9.83607,1980-01-11,17:39:31.463
8.373,-1.4023509,-2.441856,10.620602,1980-01-11,17:39:31.497
8.449,-2.5595355,-2.775282,7.75706,1980-01-11,17:39:31.573
8.518,1.0100849,-2.775282,9.875297,1980-01-11,17:39:31.642
8.536,1.0100849,-1.0198916,9.875297,1980-01-11,17:39:31.66
8.63,-3.2361944,-3.0204482,13.6116295,1980-01-11,17:39:31.754
8.703,-2.9321883,-1.6867437,11.277647,1980-01-11,17:39:31.827
8.738,1.4415776,-2.1770763,9.022118,1980-01-11,17:39:31.862
8.816,1.9515233,-0.34323275,8.875018,1980-01-11,17:39:31.94
8.888,4.9229383,-2.0397832,3.3440676,1980-01-11,17:39:32.012
8.959,1.5886773,-1.4611908,2.8733485,1980-01-11,17:39:32.083
9.066,3.0989013,-0.74530536,3.559814,1980-01-11,17:39:32.19
9.133,3.2656143,-2.8439283,8.580818,1980-01-11,17:39:32.257
9.185,4.6385455,-5.2857842,10.748088,1980-01-11,17:39:32.309
9.247,-4.883712,-0.5491724,11.248227,1980-01-11,17:39:32.371
9.318,-1.7455837,-1.2258313,10.326403,1980-01-11,17:39:32.442
9.413,-4.981778,-5.8349566,14.464808,1980-01-11,17:39:32.537
9.481,-3.383294,-3.7363336,7.864933,1980-01-11,17:39:32.605
9.533,-3.4029074,-3.7363336,15.170887,1980-01-11,17:39:32.657
9.553,-3.4029074,-3.89324,15.170887,1980-01-11,17:39:32.677
9.608,0.38245934,-1.9711366,10.149882,1980-01-11,17:39:32.732
9.689,5.85457,-1.2258313,6.550842,1980-01-11,17:39:32.813
9.782,1.8338435,-0.0784532,2.7360554,1980-01-11,17:39:32.906
9.863,2.8341217,-1.3140911,2.1182363,1980-01-11,17:39:32.987
9.906,2.991028,-3.80498,3.8834333,1980-01-11,17:39:33.03
9.971,1.99075,0.5393657,10.581375,1980-01-11,17:39:33.095
10.048,2.4222424,-2.912575,12.356379,1980-01-11,17:39:33.172
10.118,-4.6091256,-2.883155,10.375436,1980-01-11,17:39:33.242
10.226,-0.4314926,-0.7354987,9.757616,1980-01-11,17:39:33.35
10.304,-4.5698986,0.9022118,10.336209,1980-01-11,17:39:33.428
10.339,-1.1866046,-2.853735,8.825985,1980-01-11,17:39:33.463
10.405,-2.1182363,-0.5982056,14.641328,1980-01-11,17:39:33.529
10.478,-4.5502853,-5.82515,9.98317,1980-01-11,17:39:33.602
10.557,4.8052583,1.7848103,9.198637,1980-01-11,17:39:33.681
10.66,1.2944778,-1.4808041,6.413549,1980-01-11,17:39:33.784
10.733,4.344346,-1.735777,3.275421,1980-01-11,17:39:33.857
10.769,2.3634026,-0.69627213,3.8834333,1980-01-11,17:39:33.893
10.846,2.8635418,-1.176798,8.257199,1980-01-11,17:39:33.97
10.918,3.726527,-0.89240515,9.502644,1980-01-11,17:39:34.042
10.988,-4.4620256,-3.049868,11.983726,1980-01-11,17:39:34.112
11.088,0.46091253,-1.8828768,10.287175,1980-01-11,17:39:34.212
11.167,-6.1389627,-1.176798,12.415218,1980-01-11,17:39:34.291
11.217,0.36284605,-1.0002782,8.178746,1980-01-11,17:39:34.341
11.277,-6.913688,-1.0002782,13.111491,1980-01-11,17:39:34.401
11.358,-2.353596,-2.098623,11.983726,1980-01-11,17:39:34.482
11.428,2.8145084,-1.8632635,7.3255672,1980-01-11,17:39:34.552
11.534,2.7066352,-0.88259846,6.442969,1980-01-11,17:39:34.658
11.606,1.93191,-3.108708,4.2658925,1980-01-11,17:39:34.73
11.648,3.638267,-1.4709975,4.4424124,1980-01-11,17:39:34.772
11.719,2.2064962,-0.951245,5.060231,1980-01-11,17:39:34.843
11.79,4.530672,-0.75511205,8.129713,1980-01-11,17:39:34.914
11.857,-3.5402005,-2.432049,12.160246,1980-01-11,17:39:34.981
11.966,-1.6180972,-2.432049,10.316595,1980-01-11,17:39:35.09
12.029,-1.6180972,-2.1378496,10.316595,1980-01-11,17:39:35.153
12.077,-3.5205872,-2.3045628,10.5715685,1980-01-11,17:39:35.201
12.104,-3.1479347,-2.2359161,8.767145,1980-01-11,17:39:35.228
12.153,-1.5494506,-1.1964113,8.1983595,1980-01-11,17:39:35.277
12.25,-4.4718323,-2.3339827,14.023509,1980-01-11,17:39:35.374
12.312,-3.0106416,-2.2359161,11.983726,1980-01-11,17:39:35.436
12.368,1.6965504,-0.7256921,8.620045,1980-01-11,17:39:35.492
12.438,4.785645,-1.5592573,4.7169986,1980-01-11,17:39:35.562
12.518,0.8237586,-1.0493115,0.951245,1980-01-11,17:39:35.642
12.587,3.4029074,-0.0196133,4.226666,1980-01-11,17:39:35.711
12.674,2.1966896,-2.7262487,10.699055,1980-01-11,17:39:35.798
12.778,0.7256921,-4.226666,9.4241905,1980-01-11,17:39:35.902
12.809,-2.1182363,-3.275421,11.41494,1980-01-11,17:39:35.933
12.875,-3.0106416,-2.3045628,8.894631,1980-01-11,17:39:35.999
12.948,-1.2356379,-3.1283212,14.572681,1980-01-11,17:39:36.072
13.018,-5.393657,0.69627213,7.7962866,1980-01-11,17:39:36.142
13.124,-2.1574628,-1.6082906,11.110934,1980-01-11,17:39:36.248
13.208,-3.0106416,-3.9226599,12.797678,1980-01-11,17:39:36.332
13.244,0.89240515,-0.6276256,10.424469,1980-01-11,17:39:36.368
13.318,4.4718323,-2.324176,6.913688,1980-01-11,17:39:36.442
13.388,2.0495899,-0.0392266,2.941995,1980-01-11,17:39:36.512
13.457,2.6281822,0,2.7262487,1980-01-11,17:39:36.581
13.553,2.8733485,-1.6573238,4.8739047,1980-01-11,17:39:36.677
13.625,2.1378496,-0.1176798,10.189109,1980-01-11,17:39:36.749
13.679,-0.3334261,-2.3732092,12.199472,1980-01-11,17:39:36.803
13.758,-4.5993185,-0.32361946,10.551955,1980-01-11,17:39:36.882
13.818,-3.8245933,-4.2070527,14.660941,1980-01-11,17:39:36.942
13.898,-3.049868,-0.06864655,7.78648,1980-01-11,17:39:37.022
14.001,-3.1773546,-1.2846711,11.218807,1980-01-11,17:39:37.125
14.075,-5.344624,-3.4225209,14.729588,1980-01-11,17:39:37.199
14.114,1.147378,-1.3042845,8.374879,1980-01-11,17:39:37.238
14.18,2.1476562,-2.128043,7.453054,1980-01-11,17:39:37.304
14.26,3.1969678,-0.6374322,2.8145084,1980-01-11,17:39:37.384
14.328,0.79433864,0.8139519,3.079288,1980-01-11,17:39:37.452
14.435,3.3244543,-3.7069137,4.7660317,1980-01-11,17:39:37.559
14.497,2.2849493,-0.2549729,9.80665,1980-01-11,17:39:37.621
14.547,0.00980665,-3.1871612,12.366185,1980-01-11,17:39:37.671
14.624,-0.79433864,-2.6477954,11.042288,1980-01-11,17:39:37.748
14.688,-2.2457228,-0.1372931,9.15941,1980-01-11,17:39:37.812
14.801,-2.1966896,-1.7455837,8.463139,1980-01-11,17:39:37.925
14.851,-6.384129,-3.6774936,16.730145,1980-01-11,17:39:37.975
14.91,-2.5889556,-1.5984839,7.531507,1980-01-11,17:39:38.034
14.983,-3.9128532,-4.089373,15.112047,1980-01-11,17:39:38.107
15.058,-2.1966896,-1.343511,11.954306,1980-01-11,17:39:38.182
15.128,4.06976,-2.0888164,7.021561,1980-01-11,17:39:38.252
15.213,2.9321883,-1.147378,1.7946169,1980-01-11,17:39:38.337
15.318,1.0395049,-0.8139519,1.2258313,1980-01-11,17:39:38.442
15.354,2.4516625,0,4.0795665,1980-01-11,17:39:38.478
15.419,0.5001391,-2.3830159,12.817291,1980-01-11,17:39:38.543
15.487,-1.706357,-3.9422731,10.993255,1980-01-11,17:39:38.611
15.583,-5.3053975,-4.030533,12.542705,1980-01-11,17:39:38.707
15.676,-2.265336,-4.001113,9.60071,1980-01-11,17:39:38.8
15.715,-1.0198916,-0.4707192,9.747809,1980-01-11,17:39:38.839
15.786,-4.4620256,-3.638267,11.248227,1980-01-11,17:39:38.91
15.848,-3.697107,-3.638267,10.581375,1980-01-11,17:39:38.972
15.873,-3.697107,-1.5298374,10.581375,1980-01-11,17:39:38.997
15.948,0.6276256,-2.4810824,9.365351,1980-01-11,17:39:39.072
16.045,2.5693421,-1.6377105,9.443804,1980-01-11,17:39:39.169
16.076,4.2658925,-1.2356379,5.5799837,1980-01-11,17:39:39.2
16.141,0.97085834,-1.147378,2.353596,1980-01-11,17:39:39.265
16.218,2.5889556,-0.3138128,3.5696206,1980-01-11,17:39:39.342
16.292,3.3636808,-0.088259846,8.1983595,1980-01-11,17:39:39.416
16.4,0.588399,-1.2650578,12.336765,1980-01-11,17:39:39.524
16.495,-2.5889556,-4.0991797,10.836348,1980-01-11,17:39:39.619
16.513,-3.6284604,-1.0493115,9.738003,1980-01-11,17:39:39.637
16.576,-4.932745,-2.7850885,14.719781,1980-01-11,17:39:39.7
16.648,-2.7066352,-4.020726,7.5511203,1980-01-11,17:39:39.772
16.729,-2.7948952,-0.6276256,11.071708,1980-01-11,17:39:39.853
16.848,-0.40207264,-2.0495899,11.964112,1980-01-11,17:39:39.972
16.911,-1.8436501,0.5491724,11.581654,1980-01-11,17:39:40.035
16.938,5.187718,-1.539644,7.6001534,1980-01-11,17:39:40.062
17.014,2.6968286,-1.1669914,4.677772,1980-01-11,17:39:40.138
17.088,1.735777,0.5393657,3.6480737,1980-01-11,17:39:40.212
17.158,3.6774936,-1.7848103,4.511059,1980-01-11,17:39:40.282
17.262,2.1378496,-1.9122967,10.032203,1980-01-11,17:39:40.386
17.311,2.265336,-2.7654753,10.738281,1980-01-11,17:39:40.435
17.372,-5.599597,1.6475172,11.081514,1980-01-11,17:39:40.496
17.448,-7.050981,-0.4707192,13.091877,1980-01-11,17:39:40.572
17.522,0.088259846,-2.0397832,5.962443,1980-01-11,17:39:40.646
17.622,-5.1779113,-0.46091253,12.042566,1980-01-11,17:39:40.746
17.703,-2.5006957,-2.608569,12.326959,1980-01-11,17:39:40.827
17.735,0.12748645,-1.7161638,9.787037,1980-01-11,17:39:40.859
17.817,5.060231,-1.5984839,7.227501,1980-01-11,17:39:40.941
17.889,1.5886773,-1.0296983,3.6088471,1980-01-11,17:39:41.013
17.957,2.2064962,0.18632634,2.991028,1980-01-11,17:39:41.081
18.057,2.7556686,-2.5497289,7.6001534,1980-01-11,17:39:41.181
18.126,0.78453195,-0.4511059,10.885382,1980-01-11,17:39:41.25
18.179,-0.1176798,-3.2656143,9.738003,1980-01-11,17:39:41.303
18.248,-1.3238977,-1.3925443,9.54187,1980-01-11,17:39:41.372
18.322,-7.5118937,-3.334261,17.946169,1980-01-11,17:39:41.446
18.39,-4.677772,-1.3925443,6.3449025,1980-01-11,17:39:41.514
18.504,-3.2361944,-2.0397832,13.67047,1980-01-11,17:39:41.628
18.569,-4.001113,-1.4121575,11.856239,1980-01-11,17:39:41.693
18.607,3.7069137,-2.912575,7.60996,1980-01-11,17:39:41.731
18.681,3.4617474,-0.00980665,4.883712,1980-01-11,17:39:41.805
18.759,1.1964113,-2.3045628,0.7256921,1980-01-11,17:39:41.883
18.832,3.4911673,2.0692031,5.550564,1980-01-11,17:39:41.956
18.912,2.5791488,-2.4026291,10.620602,1980-01-11,17:39:42.036
18.969,-1.9515233,-2.4026291,10.689248,1980-01-11,17:39:42.093
18.988,-1.9515233,-1.1571847,10.689248,1980-01-11,17:39:42.112
19.048,-0.2157463,-3.0989013,9.267284,1980-01-11,17:39:42.172
19.117,-2.2555294,-2.5497289,9.4241905,1980-01-11,17:39:42.241
19.213,-4.5404787,-3.5696206,12.258312,1980-01-11,17:39:42.337
19.285,-4.4424124,-1.372931,7.6001534,1980-01-11,17:39:42.409
19.343,-2.0790098,-4.3541527,11.993532,1980-01-11,17:39:42.467
19.411,-3.167548,-1.8240368,11.660107,1980-01-11,17:39:42.535
19.477,3.079288,-1.0100849,8.982891,1980-01-11,17:39:42.601
19.558,2.5693421,-1.7553903,4.903325,1980-01-11,17:39:42.682
19.653,2.1084297,-0.79433864,3.0989013,1980-01-11,17:39:42.777
19.739,2.4124358,-1.5102241,5.3838506,1980-01-11,17:39:42.863
19.777,2.5693421,-0.98066497,10.277369,1980-01-11,17:39:42.901
19.847,-0.16671304,-2.1672697,9.738003,1980-01-11,17:39:42.971
19.92,-1.0591182,-1.372931,9.2378645,1980-01-11,17:39:43.044
19.987,-2.6968286,-0.8629852,9.54187,1980-01-11,17:39:43.111
20.095,-5.6094036,-1.6965504,15.54354,1980-01-11,17:39:43.219
20.166,-2.8733485,-2.432049,8.257199,1980-01-11,17:39:43.29
20.209,-3.9520798,-1.6377105,13.78815,1980-01-11,17:39:43.333
20.276,-2.3830159,-2.8047018,12.817291,1980-01-11,17:39:43.4
20.353,1.8926834,-1.2258313,8.325846,1980-01-11,17:39:43.477
20.42,2.657602,1.0591182,7.031368,1980-01-11,17:39:43.544
20.531,3.80498,-0.3334261,3.5990405,1980-01-11,17:39:43.655
20.606,1.6573238,-0.8237586,4.344346,1980-01-11,17:39:43.73
20.64,3.3146477,-0.8041453,6.5312285,1980-01-11,17:39:43.764
20.716,1.5004175,-0.7256921,7.2863407,1980-01-11,17:39:43.84
20.788,-2.5987623,-1.93191,11.483587,1980-01-11,17:39:43.912
20.863,0.6276256,-2.5006957,13.58221,1980-01-11,17:39:43.987
20.942,-2.5301156,-3.4421341,10.600988,1980-01-11,17:39:44.066
21.009,-3.304841,-1.3337044,11.199194,1980-01-11,17:39:44.133
21.078,-3.3538742,-1.7946169,7.6197667,1980-01-11,17:39:44.202
21.148,-4.7660317,-3.471554,14.484422,1980-01-11,17:39:44.272
21.218,-1.5788707,-3.0694814,11.56204,1980-01-11,17:39:44.342
21.319,2.353596,-0.49033248,7.560927,1980-01-11,17:39:44.443
21.422,4.324733,-0.93163174,3.2656143,1980-01-11,17:39:44.546
21.442,2.098623,-0.5295591,0.7354987,1980-01-11,17:39:44.566
21.513,1.8534569,1.8828768,5.266171,1980-01-11,17:39:44.637
21.588,3.3734875,-1.0198916,12.699612,1980-01-11,17:39:44.712
21.67,-5.1975245,-5.187718,12.758451,1980-01-11,17:39:44.794
21.758,-2.8929617,-1.4023509,9.787037,1980-01-11,17:39:44.882
21.826,-3.667687,-3.8834333,13.572403,1980-01-11,17:39:44.95
21.885,-2.432049,-1.2062179,7.6884136,1980-01-11,17:39:45.009
21.947,-2.2751427,-3.0989013,9.228058,1980-01-11,17:39:45.071
22.018,-7.0607877,-2.4810824,14.759007,1980-01-11,17:39:45.142
22.089,-2.8047018,-2.4810824,10.169496,1980-01-11,17:39:45.213
22.133,-2.8047018,-2.5301156,10.169496,1980-01-11,17:39:45.257
22.205,5.070038,-2.0495899,7.119628,1980-01-11,17:39:45.329
22.236,1.4709975,0.4314926,4.1580195,1980-01-11,17:39:45.36
22.312,3.3146477,-0.18632634,2.1672697,1980-01-11,17:39:45.436
22.393,0.97085834,0.2353596,6.9921412,1980-01-11,17:39:45.517
22.46,1.8730701,-2.7262487,12.523091,1980-01-11,17:39:45.584
22.553,-1.2062179,-4.864098,9.365351,1980-01-11,17:39:45.677
22.634,-3.2067745,-1.5102241,9.120184,1980-01-11,17:39:45.758
22.677,-5.187718,-3.275421,17.44603,1980-01-11,17:39:45.801
22.749,-4.1285996,-1.0591182,7.6589932,1980-01-11,17:39:45.873
22.828,-2.353596,-0.8629852,12.268119,1980-01-11,17:39:45.952
22.9,-2.8635418,-2.2457228,11.836626,1980-01-11,17:39:46.024
22.972,-0.0392266,-2.2457228,9.551677,1980-01-11,17:39:46.096
23.026,-0.0392266,-1.6671305,9.551677,1980-01-11,17:39:46.15
23.045,4.4424124,-1.3533176,6.9921412,1980-01-11,17:39:46.169
23.106,3.1381278,-1.3533176,4.756225,1980-01-11,17:39:46.23
23.124,3.1381278,-0.98066497,4.756225,1980-01-11,17:39:46.248
23.194,1.4317709,-0.98066497,3.8147867,1980-01-11,17:39:46.318
23.232,1.4317709,-0.4511059,3.8147867,1980-01-11,17:39:46.356
23.294,2.353596,-2.6772153,5.089651,1980-01-11,17:39:46.418
23.332,3.0596747,-1.1081514,9.787037,1980-01-11,17:39:46.456
23.403,-2.5301156,-2.7262487,10.993255,1980-01-11,17:39:46.527
23.47,-2.0005565,-2.2751427,9.914523,1980-01-11,17:39:46.594
23.563,-2.9321883,-1.2454445,9.0515375,1980-01-11,17:39:46.687
23.653,-1.7259704,-1.6377105,8.070872,1980-01-11,17:39:46.777
23.695,-5.746697,-0.4314926,9.747809,1980-01-11,17:39:46.819
23.761,-2.5399222,-3.079288,10.963835,1980-01-11,17:39:46.885
23.838,-3.5402005,-2.2849493,13.896023,1980-01-11,17:39:46.962
23.913,-0.8041453,-1.7161638,9.738003,1980-01-11,17:39:47.037
24.008,4.1384063,-0.42168593,7.2863407,1980-01-11,17:39:47.132
24.079,1.4906107,-1.1277647,1.7848103,1980-01-11,17:39:47.203
24.123,3.0204482,-0.8629852,2.7850885,1980-01-11,17:39:47.247
24.199,2.3339827,-2.7164419,5.8643765,1980-01-11,17:39:47.323
24.267,2.5105023,-0.49033248,11.542427,1980-01-11,17:39:47.391
24.348,-2.775282,-4.3541527,10.748088,1980-01-11,17:39:47.472
24.477,-0.98066497,-3.6774936,9.384964,1980-01-11,17:39:47.601
24.54,-1.2552512,-3.6774936,8.718112,1980-01-11,17:39:47.664
24.561,-1.2552512,-0.6276256,8.718112,1980-01-11,17:39:47.685
24.58,-4.4914455,-3.5990405,11.983726,1980-01-11,17:39:47.704
24.63,-3.0106416,-0.14709975,8.267006,1980-01-11,17:39:47.754
24.711,-4.579705,-1.2160245,13.415497,1980-01-11,17:39:47.835
24.8,-1.7553903,-5.79573,12.503478,1980-01-11,17:39:47.924
24.848,1.4219642,-0.6766588,7.2176943,1980-01-11,17:39:47.972
24.933,3.9128532,-1.2846711,5.148491,1980-01-11,17:39:48.057
24.998,0.9904716,-2.1574628,2.8635418,1980-01-11,17:39:48.122
25.067,1.7161638,-0.9120184,3.7363336,1980-01-11,17:39:48.191
25.163,1.1375713,-1.4808041,9.198637,1980-01-11,17:39:48.287
25.246,1.2258313,-4.501252,12.4642515,1980-01-11,17:39:48.37
25.286,-3.334261,-3.3931007,10.336209,1980-01-11,17:39:48.41
25.366,0.16671304,-2.6772153,8.374879,1980-01-11,17:39:48.49
25.431,-0.7747253,-1.5592573,8.443525,1980-01-11,17:39:48.555
25.5,-5.76631,-3.6873002,16.906664,1980-01-11,17:39:48.624
25.61,-4.1874394,-2.0299766,8.149326,1980-01-11,17:39:48.734
25.676,-3.9520798,-3.5892339,13.67047,1980-01-11,17:39:48.8
25.728,-1.2748644,-3.0400615,9.208445,1980-01-11,17:39:48.852
25.79,3.0890946,-0.951245,7.963,1980-01-11,17:39:48.914
25.869,2.4810824,-1.4121575,4.452219,1980-01-11,17:39:48.993
25.943,2.853735,0.02941995,3.0596747,1980-01-11,17:39:49.067
26.047,2.5889556,-2.6183755,5.6682434,1980-01-11,17:39:49.171
26.11,2.0495899,-2.912575,8.924051,1980-01-11,17:39:49.234
26.161,-1.1964113,0.6276256,13.739117,1980-01-11,17:39:49.285
26.228,-0.2941995,-2.941995,9.316318,1980-01-11,17:39:49.352
26.299,-0.2549729,-2.941995,8.816178,1980-01-11,17:39:49.423
26.318,-0.2549729,0.42168593,8.816178,1980-01-11,17:39:49.442
26.423,-2.128043,-0.7354987,11.76798,1980-01-11,17:39:49.547
26.454,-4.7758384,-0.3334261,8.365072,1980-01-11,17:39:49.578
26.523,-1.7848103,-5.040618,11.503201,1980-01-11,17:39:49.647
26.598,-4.7660317,-1.176798,16.161358,1980-01-11,17:39:49.722
26.668,3.7755601,-2.128043,6.8548484,1980-01-11,17:39:49.792
26.75,1.3042845,-0.588399,5.2857842,1980-01-11,17:39:49.874
26.832,3.079288,-0.098066494,2.1672697,1980-01-11,17:39:49.956
26.892,2.2457228,-1.2160245,3.6774936,1980-01-11,17:39:50.016
26.952,3.3734875,-3.1577413,7.78648,1980-01-11,17:39:50.076
27.028,2.265336,-3.216581,10.375436,1980-01-11,17:39:50.152
27.098,-2.294756,0.69627213,12.317152,1980-01-11,17:39:50.222
27.198,-2.2849493,-2.4222424,9.757616,1980-01-11,17:39:50.322
27.252,0.1372931,0,8.580818,1980-01-11,17:39:50.376
27.319,-1.735777,-1.5592573,8.002226,1980-01-11,17:39:50.443
27.388,-4.726805,-1.7946169,8.776952,1980-01-11,17:39:50.512
27.482,-2.6281822,-1.9711366,9.218251,1980-01-11,17:39:50.606
27.539,-3.471554,-3.6088471,14.6511345,1980-01-11,17:39:50.663
27.633,-1.5886773,-2.6379888,9.77723,1980-01-11,17:39:50.757
27.705,6.3449025,-0.40207264,7.3746004,1980-01-11,17:39:50.829
27.759,1.9221034,-1.3337044,3.3931007,1980-01-11,17:39:50.883
27.828,1.4709975,-1.1081514,1.6279038,1980-01-11,17:39:50.952
27.898,1.4317709,-1.90249,5.374044,1980-01-11,17:39:51.022
27.973,-0.17651969,-2.5791488,13.5037565,1980-01-11,17:39:51.097
28.079,-1.0591182,-4.305119,12.630965,1980-01-11,17:39:51.203
28.151,-3.6774936,-3.2263877,8.394492,1980-01-11,17:39:51.275
28.195,0.049033247,-1.0787314,8.257199,1980-01-11,17:39:51.319
28.26,-4.481639,-4.628739,15.27876,1980-01-11,17:39:51.384
28.338,-3.500974,0.8727918,7.6884136,1980-01-11,17:39:51.462
28.408,-2.2261095,-2.324176,11.7973995,1980-01-11,17:39:51.532
28.511,-5.374044,-3.2263877,14.415775,1980-01-11,17:39:51.635
28.59,2.6772153,-3.1185145,6.8744617,1980-01-11,17:39:51.714
28.628,3.2263877,1.1964113,6.796008,1980-01-11,17:39:51.752
28.694,1.8632635,-1.0395049,3.500974,1980-01-11,17:39:51.818
28.771,2.7948952,-1.9809432,2.0299766,1980-01-11,17:39:51.895
28.838,1.99075,-0.8629852,6.4233556,1980-01-11,17:39:51.962
28.956,5.3053975,-1.0983448,12.503478,1980-01-11,17:39:52.08
29.042,-2.5399222,-2.1084297,12.415218,1980-01-11,17:39:52.166
29.067,-0.12748645,-4.9523582,8.080679,1980-01-11,17:39:52.191
29.138,-0.4314926,-2.1182363,9.5320635,1980-01-11,17:39:52.262
29.208,-2.824315,-4.501252,12.719225,1980-01-11,17:39:52.332
29.278,-4.726805,-0.37265268,7.5413136,1980-01-11,17:39:52.402
29.382,-3.971693,-3.5696206,10.238142,1980-01-11,17:39:52.506
29.425,-4.5502853,-4.373766,13.768537,1980-01-11,17:39:52.549
29.497,2.4712758,-1.0395049,8.551398,1980-01-11,17:39:52.621
29.569,4.6973853,-2.5399222,6.109543,1980-01-11,17:39:52.693
29.637,1.93191,-0.6668522,2.353596,1980-01-11,17:39:52.761
29.74,2.5595355,-0.6668522,1.8044236,1980-01-11,17:39:52.864
29.81,2.5595355,-1.2258313,1.8044236,1980-01-11,17:39:52.934
29.829,1.2258313,-1.0002782,7.7178335,1980-01-11,17:39:52.953
29.856,2.8145084,-3.000835,12.523091,1980-01-11,17:39:52.98
29.932,-4.226666,-3.667687,11.934692,1980-01-11,17:39:53.056
30.012,-0.57859236,-1.3631244,9.738003,1980-01-11,17:39:53.136
30.108,0.37265268,-1.0395049,8.119906,1980-01-11,17:39:53.232
30.19,-5.1288776,-2.1574628,12.660385,1980-01-11,17:39:53.314
30.218,-1.93191,-2.2163029,7.708027,1980-01-11,17:39:53.342
30.293,-2.432049,-2.1378496,11.73856,1980-01-11,17:39:53.417
30.368,-4.1874394,0.088259846,12.689805,1980-01-11,17:39:53.492
30.438,1.0296983,-0.60801226,9.404577,1980-01-11,17:39:53.562
30.557,5.207331,-3.5794272,7.6001534,1980-01-11,17:39:53.681
30.621,1.4023509,0.2549729,3.216581,1980-01-11,17:39:53.745
30.658,3.559814,0.70607877,2.1966896,1980-01-11,17:39:53.782
30.724,2.6674087,-1.8534569,5.903603,1980-01-11,17:39:53.848
30.798,2.0790098,-3.4617474,10.375436,1980-01-11,17:39:53.922
30.878,-2.0299766,0.1176798,13.140911,1980-01-11,17:39:54.002
30.975,-3.2950344,-1.8044236,11.101128,1980-01-11,17:39:54.099
31.029,-0.32361946,-1.4317709,8.316039,1980-01-11,17:39:54.153
31.092,-3.7853668,-3.4421341,12.856518,1980-01-11,17:39:54.216
31.168,-3.500974,0.12748645,7.5511203,1980-01-11,17:39:54.292
31.242,-0.8237586,-2.9518015,11.6110735,1980-01-11,17:39:54.366
31.339,-4.177633,-2.7262487,13.278204,1980-01-11,17:39:54.463
31.412,1.4219642,-1.7161638,9.561483,1980-01-11,17:39:54.536
31.46,4.1384063,-1.7553903,5.8447633,1980-01-11,17:39:54.584
31.531,2.1182363,-0.36284605,2.8341217,1980-01-11,17:39:54.655
31.6,2.294756,-0.8139519,2.5595355,1980-01-11,17:39:54.724
31.678,2.0790098,-1.7848103,6.3252892,1980-01-11,17:39:54.802
31.783,3.638267,-2.3143694,9.620323,1980-01-11,17:39:54.907
31.816,-1.8142302,-1.6867437,14.964948,1980-01-11,17:39:54.94
31.888,-1.93191,-7.1588545,10.434276,1980-01-11,17:39:55.012
31.958,-0.48052585,2.5301156,7.423634,1980-01-11,17:39:55.082
32.042,-2.9321883,-2.2359161,11.777786,1980-01-11,17:39:55.166
32.129,-2.657602,-2.9616082,9.796844,1980-01-11,17:39:55.253
32.212,-5.148491,-1.8730701,15.063014,1980-01-11,17:39:55.336
32.27,-0.6766588,-1.8044236,9.60071,1980-01-11,17:39:55.394
32.32,6.7567816,-1.8044236,6.1978025,1980-01-11,17:39:55.444
32.339,6.7567816,-2.3143694,6.1978025,1980-01-11,17:39:55.463
32.398,0.51975244,-0.9610517,1.0198916,1980-01-11,17:39:55.522
32.493,3.1185145,1.0885382,2.098623,1980-01-11,17:39:55.617
32.565,2.6968286,-1.3533176,7.109821,1980-01-11,17:39:55.689
32.616,3.2263877,-1.3140911,12.797678,1980-01-11,17:39:55.74
32.688,-4.756225,-7.9041595,10.434276,1980-01-11,17:39:55.812
32.758,-3.079288,-2.294756,9.394771,1980-01-11,17:39:55.882
32.828,-0.9904716,-1.9613299,8.482752,1980-01-11,17:39:55.952
32.935,-4.8052583,-3.1969678,13.268397,1980-01-11,17:39:56.059
33.012,-3.6284604,0.2353596,8.316039,1980-01-11,17:39:56.136
33.049,-3.8147867,-3.471554,12.758451,1980-01-11,17:39:56.173
33.127,-4.726805,-2.7850885,12.219086,1980-01-11,17:39:56.251
33.198,2.9812214,-2.1476562,8.3846855,1980-01-11,17:39:56.322
33.268,0.98066497,-2.853735,6.5312285,1980-01-11,17:39:56.392
33.359,2.186883,-1.2258313,2.5301156,1980-01-11,17:39:56.483
33.442,2.441856,0,2.3830159,1980-01-11,17:39:56.566
33.49,1.7651969,-0.5099458,6.766588,1980-01-11,17:39:56.614
33.558,2.775282,-3.1479347,11.434553,1980-01-11,17:39:56.682
33.627,-1.0885382,-3.9324665,11.669913,1980-01-11,17:39:56.751
33.699,-3.3146477,-3.9324665,10.238142,1980-01-11,17:39:56.823
33.751,-3.3146477,-1.147378,10.238142,1980-01-11,17:39:56.875
33.82,-0.46091253,-2.4614692,7.75706,1980-01-11,17:39:56.944
33.846,-6.099736,-4.148213,10.699055,1980-01-11,17:39:56.97
33.922,-2.0692031,-0.71588546,8.276813,1980-01-11,17:39:57.046
33.998,-3.7461402,-2.0790098,14.288289,1980-01-11,17:39:57.122
34.072,-4.059953,-2.7850885,12.03276,1980-01-11,17:39:57.196
34.16,6.354709,-0.89240515,7.149048,1980-01-11,17:39:57.284
34.239,2.7556686,-2.687022,3.7657535,1980-01-11,17:39:57.363
34.28,0.6472389,1.0198916,1.0983448,1980-01-11,17:39:57.404
34.357,3.3244543,-1.2160245,4.903325,1980-01-11,17:39:57.481
34.428,1.5788707,1.0787314,10.836348,1980-01-11,17:39:57.552
34.498,1.735777,-4.4718323,13.189944,1980-01-11,17:39:57.622
34.612,-1.5886773,-3.500974,10.071429,1980-01-11,17:39:57.736
34.69,-1.8338435,0.30400613,9.914523,1980-01-11,17:39:57.814
34.719,-0.56878567,-2.3437893,8.217973,1980-01-11,17:39:57.843
34.787,-5.1386843,-2.9518015,10.581375,1980-01-11,17:39:57.911
34.868,-2.186883,-2.7262487,9.98317,1980-01-11,17:39:57.992
34.937,-4.6679654,-1.1179581,15.063014,1980-01-11,17:39:58.061
35.045,2.0888164,-1.8436501,7.6589932,1980-01-11,17:39:58.169
35.117,3.7853668,-0.56878567,7.864933,1980-01-11,17:39:58.241
35.152,1.4513842,-0.56878567,2.5595355,1980-01-11,17:39:58.276
35.171,1.4513842,-0.4707192,2.5595355,1980-01-11,17:39:58.295
35.227,1.8730701,-1.3337044,2.098623,1980-01-11,17:39:58.351
35.297,2.8929617,-1.6082906,4.8542914,1980-01-11,17:39:58.421
35.398,3.108708,-0.70607877,10.336209,1980-01-11,17:39:58.522
35.442,0.19613299,-1.0296983,13.513563,1980-01-11,17:39:58.566
35.518,-3.6088471,-3.6873002,9.326124,1980-01-11,17:39:58.642
35.592,-0.38245934,-1.0296983,7.913966,1980-01-11,17:39:58.716
35.66,-4.785645,-1.6475172,10.934415,1980-01-11,17:39:58.784
35.763,-2.6183755,-2.2163029,8.267006,1980-01-11,17:39:58.887
35.839,-4.167826,-2.2064962,14.3569355,1980-01-11,17:39:58.963
35.886,-2.853735,-2.353596,12.111213,1980-01-11,17:39:59.01
35.951,4.677772,-0.12748645,9.267284,1980-01-11,17:39:59.075
36.028,2.3339827,0.2157463,5.1975245,1980-01-11,17:39:59.152
36.102,2.608569,-3.412714,1.3925443,1980-01-11,17:39:59.226
36.198,2.3045628,0.2549729,2.0201697,1980-01-11,17:39:59.322
36.268,2.9518015,-1.3827376,7.590347,1980-01-11,17:39:59.392
36.321,3.9226599,-1.0591182,12.189666,1980-01-11,17:39:59.445
36.393,-1.5592573,-4.4914455,11.061901,1980-01-11,17:39:59.517
36.468,-0.588399,-2.775282,8.973084,1980-01-11,17:39:59.592
36.532,0.18632634,0.71588546,8.335652,1980-01-11,17:39:59.656
36.641,-2.2064962,-3.4225209,9.54187,1980-01-11,17:39:59.765
36.717,-6.2958694,0.20593965,9.875297,1980-01-11,17:39:59.841
36.748,-0.17651969,-3.412714,11.70914,1980-01-11,17:39:59.872
36.826,-4.3345394,-2.8439283,15.406247,1980-01-11,17:39:59.95
36.928,3.6774936,-0.4707192,5.70747,1980-01-11,17:40:00.052
36.968,3.1185145,-2.0397832,5.1582975,1980-01-11,17:40:00.092
37.07,2.0397832,0.6766588,1.1866046,1980-01-11,17:40:00.194
37.142,3.0204482,0.0196133,3.2067745,1980-01-11,17:40:00.266
37.185,2.6281822,-1.5494506,9.65955,1980-01-11,17:40:00.309
37.261,1.9711366,-1.5984839,12.523091,1980-01-11,17:40:00.385
37.336,-3.89324,-0.35303938,11.846433,1980-01-11,17:40:00.46
37.408,-2.1084297,-1.147378,9.855683,1980-01-11,17:40:00.532
37.508,-1.539644,-1.372931,9.129991,1980-01-11,17:40:00.632
37.552,-4.1580195,-0.57859236,11.542427,1980-01-11,17:40:00.676
37.631,-1.2552512,-2.0005565,8.090487,1980-01-11,17:40:00.755
37.687,-1.147378,-0.49033248,9.149604,1980-01-11,17:40:00.811
37.765,-3.0106416,-0.49033248,9.345737,1980-01-11,17:40:00.889
37.81,-3.0106416,-2.2849493,9.345737,1980-01-11,17:40:00.934
37.882,-2.3143694,-1.2160245,8.463139,1980-01-11,17:40:01.006
37.906,-1.4415776,-2.4516625,9.139797,1980-01-11,17:40:01.03
37.982,-2.7556686,-1.9515233,10.169496,1980-01-11,17:40:01.106
38.047,-1.735777,-1.8142302,8.051259,1980-01-11,17:40:01.171
38.123,-2.5006957,-1.3925443,8.953471,1980-01-11,17:40:01.247
38.218,-2.3928225,-1.0591182,8.8652115,1980-01-11,17:40:01.342
38.299,0.06864655,-2.2849493,8.580818,1980-01-11,17:40:01.423
38.343,-1.3533176,-2.0888164,8.894631,1980-01-11,17:40:01.467
38.409,-2.1574628,-1.8926834,8.776952,1980-01-11,17:40:01.533
38.488,-2.5889556,-0.92182505,8.600431,1980-01-11,17:40:01.612
38.558,-1.6180972,-2.0005565,9.022118,1980-01-11,17:40:01.682
38.663,-2.0692031,-2.0201697,10.228335,1980-01-11,17:40:01.787
38.74,-1.9221034,-2.520309,9.257478,1980-01-11,17:40:01.864
38.778,-1.7651969,-2.6772153,9.54187,1980-01-11,17:40:01.902
38.84,-1.735777,-1.4023509,9.581097,1980-01-11,17:40:01.964
38.918,-3.6186538,-1.8044236,8.639658,1980-01-11,17:40:02.042
39.003,-2.745862,-1.9417167,9.77723,1980-01-11,17:40:02.127
