0.074,-9.355544,0.088259846,-2.824315,2016-03-12,18:21:46.926
0.132,-8.825985,-0.4118793,-2.8439283,2016-03-12,18:21:46.984
0.198,-8.521978,0.39226598,-3.3146477,2016-03-12,18:21:47.05
0.272,-5.7172766,-1.0493115,-3.412714,2016-03-12,18:21:47.124
0.328,-4.932745,-0.17651969,-3.7853668,2016-03-12,18:21:47.18
0.396,-7.0411744,0.36284605,-6.050703,2016-03-12,18:21:47.248
0.462,-8.0120325,-0.83356524,-7.4922805,2016-03-12,18:21:47.314
0.536,-7.6982203,0.20593965,-8.639658,2016-03-12,18:21:47.388
0.608,-6.9921412,-0.2157463,-10.169496,2016-03-12,18:21:47.46
0.706,-6.8058147,-0.5099458,-9.914523,2016-03-12,18:21:47.558
0.774,-4.5404787,-0.28439283,-8.835792,2016-03-12,18:21:47.626
0.819,-4.834678,-2.1672697,-8.963278,2016-03-12,18:21:47.671
0.89,-2.5497289,0.40207264,-10.346016,2016-03-12,18:21:47.742
0.96,-1.7553903,-1.2258313,-11.120741,2016-03-12,18:21:47.812
1.034,1.1866046,-1.4415776,-11.365907,2016-03-12,18:21:47.886
1.099,0.6668522,0.70607877,-11.032481,2016-03-12,18:21:47.951
1.17,2.1770763,0.79433864,-10.169496,2016-03-12,18:21:48.022
1.278,-2.4124358,2.3143694,-8.217973,2016-03-12,18:21:48.13
1.329,2.3437893,0.4511059,-11.012868,2016-03-12,18:21:48.181
1.385,-3.079288,0.8139519,-9.090764,2016-03-12,18:21:48.237
1.46,-2.7850885,-3.5696206,-15.6318,2016-03-12,18:21:48.312
1.534,4.3345394,-3.0302548,-13.033037,2016-03-12,18:21:48.386
1.599,-3.5402005,1.6475172,-8.816178,2016-03-12,18:21:48.451
1.673,-0.2353596,-1.6180972,-10.914802,2016-03-12,18:21:48.525
1.744,-3.4617474,-0.588399,-10.189109,2016-03-12,18:21:48.596
1.847,0.951245,-2.490889,-10.385242,2016-03-12,18:21:48.699
1.895,0.12748645,-0.35303938,-9.80665,2016-03-12,18:21:48.747
1.96,1.3337044,-0.1569064,-10.257755,2016-03-12,18:21:48.812
2.034,-1.6377105,0.6276256,-9.492837,2016-03-12,18:21:48.886
2.099,-0.7256921,-0.60801226,-9.738003,2016-03-12,18:21:48.951
2.25,-1.4513842,-0.4707192,-10.718668,2016-03-12,18:21:49.102
2.264,1.5004175,-0.6374322,-10.493115,2016-03-12,18:21:49.116
2.318,-1.7553903,-1.9221034,-9.414384,2016-03-12,18:21:49.17
2.4,-0.8139519,-0.9120184,-9.943943,2016-03-12,18:21:49.252
2.478,-0.65704554,-1.5004175,-10.149882,2016-03-12,18:21:49.33
2.528,-2.441856,-1.0493115,-8.835792,2016-03-12,18:21:49.38
2.6,0.5001391,0.55897903,-8.894631,2016-03-12,18:21:49.452
2.674,-1.7750036,-2.0397832,-7.394214,2016-03-12,18:21:49.526
2.74,-0.9120184,-1.2160245,-8.0120325,2016-03-12,18:21:49.592
2.81,-0.7354987,-0.6374322,-8.845598,2016-03-12,18:21:49.662
2.896,-1.4709975,-1.5984839,-10.267562,2016-03-12,18:21:49.748
2.999,-1.4023509,1.5690639,-12.297539,2016-03-12,18:21:49.851
3.033,-0.8531785,-1.2944778,-12.709418,2016-03-12,18:21:49.885
3.097,-0.2941995,-1.3140911,-11.983726,2016-03-12,18:21:49.949
3.167,-1.0198916,-1.176798,-12.444638,2016-03-12,18:21:50.019
3.242,-0.6766588,0.40207264,-12.170053,2016-03-12,18:21:50.094
3.31,-0.6668522,1.0689248,-12.297539,2016-03-12,18:21:50.162
3.387,-1.343511,0.2353596,-13.278204,2016-03-12,18:21:50.239
3.502,-1.5200307,-1.2356379,-12.170053,2016-03-12,18:21:50.354
3.531,-0.9022118,-0.19613299,-12.248506,2016-03-12,18:21:50.383
3.598,-0.5491724,-0.93163174,-11.983726,2016-03-12,18:21:50.45
3.658,-1.7161638,-0.56878567,-11.29726,2016-03-12,18:21:50.51
3.734,-1.6573238,-0.2941995,-10.610795,2016-03-12,18:21:50.586
3.799,-1.3533176,-0.8139519,-11.003061,2016-03-12,18:21:50.651
3.87,-1.1081514,-0.5982056,-8.884825,2016-03-12,18:21:50.722
3.94,-1.2356379,-0.5982056,-8.825985,2016-03-12,18:21:50.792
3.989,-1.2356379,-0.2353596,-8.825985,2016-03-12,18:21:50.841
4.031,-2.6183755,-2.6674087,-8.571012,2016-03-12,18:21:50.883
4.091,-1.99075,-0.5099458,-7.384407,2016-03-12,18:21:50.943
4.16,-1.5592573,0.088259846,-8.718112,2016-03-12,18:21:51.012
4.23,-2.7066352,-0.8041453,-8.875018,2016-03-12,18:21:51.082
4.3,-2.0201697,-0.34323275,-9.698776,2016-03-12,18:21:51.152
4.37,-1.9711366,-1.6475172,-10.493115,2016-03-12,18:21:51.222
4.44,-1.6279038,-1.1669914,-9.738003,2016-03-12,18:21:51.292
4.534,-2.0005565,-0.7256921,-10.257755,2016-03-12,18:21:51.386
4.611,-2.432049,-0.89240515,-7.7472534,2016-03-12,18:21:51.463
4.654,-0.4314926,-1.5102241,-6.5116153,2016-03-12,18:21:51.506
4.731,-2.0201697,-1.0100849,-7.5511203,2016-03-12,18:21:51.583
4.8,-1.2356379,-1.0885382,-8.924051,2016-03-12,18:21:51.652
4.87,-0.93163174,-1.0100849,-9.992976,2016-03-12,18:21:51.722
4.94,-1.7161638,-0.79433864,-10.081236,2016-03-12,18:21:51.792
5.012,-0.40207264,-0.9610517,-11.522814,2016-03-12,18:21:51.864
5.107,-0.51975244,-0.951245,-11.895466,2016-03-12,18:21:51.959
5.158,0.34323275,-1.2552512,-12.905551,2016-03-12,18:21:52.01
5.219,0.2157463,-1.2552512,-12.228892,2016-03-12,18:21:52.071
5.237,0.2157463,-2.4516625,-12.228892,2016-03-12,18:21:52.089
5.291,0.75511205,-0.8041453,-13.140911,2016-03-12,18:21:52.143
5.363,0.20593965,-0.8041453,-11.817013,2016-03-12,18:21:52.215
5.38,0.20593965,-0.1176798,-11.817013,2016-03-12,18:21:52.232
5.433,1.1277647,-0.5099458,-13.709697,2016-03-12,18:21:52.285
5.545,-1.1571847,0.088259846,-12.170053,2016-03-12,18:21:52.397
5.614,-0.34323275,-0.51975244,-12.415218,2016-03-12,18:21:52.466
5.646,0.2549729,-1.3925443,-11.660107,2016-03-12,18:21:52.498
5.723,0.6374322,-0.24516624,-11.26784,2016-03-12,18:21:52.575
5.789,-1.2062179,-1.2062179,-10.414662,2016-03-12,18:21:52.641
5.86,-0.34323275,0.40207264,-10.826541,2016-03-12,18:21:52.712
5.93,-1.4611908,-0.37265268,-10.934415,2016-03-12,18:21:52.782
6.002,-0.8531785,-0.37265268,-11.042288,2016-03-12,18:21:52.854
6.055,-0.8531785,-0.60801226,-11.042288,2016-03-12,18:21:52.907
6.094,-1.0100849,-0.46091253,-9.77723,2016-03-12,18:21:52.946
6.148,-1.3238977,0.8139519,-8.355266,2016-03-12,18:21:53.0
6.221,-1.3140911,-1.4023509,-8.394492,2016-03-12,18:21:53.073
6.29,-1.6573238,-0.1569064,-8.237586,2016-03-12,18:21:53.142
6.36,-2.1182363,-1.0395049,-8.737725,2016-03-12,18:21:53.212
6.43,-1.6279038,-0.00980665,-10.159689,2016-03-12,18:21:53.282
6.502,-1.3042845,-1.4808041,-9.610517,2016-03-12,18:21:53.354
6.606,-2.098623,-1.0885382,-9.100571,2016-03-12,18:21:53.458
6.648,-1.5102241,-1.1964113,-5.040618,2016-03-12,18:21:53.5
6.713,-2.5301156,-1.0591182,-7.168661,2016-03-12,18:21:53.565
6.79,-1.372931,-1.8240368,-7.9728065,2016-03-12,18:21:53.642
6.86,-2.3928225,-0.69627213,-8.580818,2016-03-12,18:21:53.712
6.93,-0.84337187,-1.0395049,-9.022118,2016-03-12,18:21:53.782
7.002,-0.14709975,0.5982056,-10.973641,2016-03-12,18:21:53.854
7.069,-1.3925443,-0.74530536,-11.76798,2016-03-12,18:21:53.921
7.167,-0.088259846,-0.7747253,-11.866046,2016-03-12,18:21:54.019
7.24,-0.93163174,-1.1375713,-12.797678,2016-03-12,18:21:54.092
7.281,0.19613299,-2.0397832,-13.003617,2016-03-12,18:21:54.133
7.361,-0.10787315,0.12748645,-11.9052725,2016-03-12,18:21:54.213
7.43,-0.9120184,-0.7747253,-12.925164,2016-03-12,18:21:54.282
7.497,-1.176798,-0.4707192,-12.6505785,2016-03-12,18:21:54.349
7.57,-0.89240515,0.1176798,-12.915358,2016-03-12,18:21:54.422
7.64,-1.3631244,-0.1569064,-12.03276,2016-03-12,18:21:54.492
7.73,-1.6180972,0.0,-10.149882,2016-03-12,18:21:54.582
7.789,-0.9904716,-0.20593965,-10.689248,2016-03-12,18:21:54.641
7.855,-2.0005565,-0.44129923,-10.453889,2016-03-12,18:21:54.707
7.919,-1.6573238,-0.2941995,-10.375436,2016-03-12,18:21:54.771
7.991,-1.90249,0.19613299,-11.856239,2016-03-12,18:21:54.843
8.059,-1.8828768,0.26477954,-10.218529,2016-03-12,18:21:54.911
8.13,-1.8436501,-0.2353596,-9.022118,2016-03-12,18:21:54.982
8.2,-1.7946169,-0.14709975,-8.129713,2016-03-12,18:21:55.052
8.297,-1.5102241,-0.1176798,-6.9038815,2016-03-12,18:21:55.149
8.367,-2.853735,-0.4118793,-8.237586,2016-03-12,18:21:55.219
8.42,-2.6968286,-0.8139519,-9.679163,2016-03-12,18:21:55.272
8.499,-2.5497289,-1.2552512,-9.54187,2016-03-12,18:21:55.351
8.56,-1.7455837,-0.9610517,-9.747809,2016-03-12,18:21:55.412
8.63,-1.4121575,-1.2454445,-10.669635,2016-03-12,18:21:55.482
8.701,-2.3143694,-0.3334261,-10.110656,2016-03-12,18:21:55.553
8.774,-2.8635418,-0.2353596,-9.757616,2016-03-12,18:21:55.626
8.874,-2.5301156,-1.1571847,-8.188553,2016-03-12,18:21:55.726
8.94,-0.42168593,-0.0784532,-5.4524975,2016-03-12,18:21:55.792
8.999,-3.6578803,0.2353596,-7.502087,2016-03-12,18:21:55.851
9.063,-1.1866046,-0.8041453,-10.247949,2016-03-12,18:21:55.915
9.129,-1.7848103,0.4118793,-10.012589,2016-03-12,18:21:55.981
9.201,-0.71588546,-0.24516624,-11.003061,2016-03-12,18:21:56.053
9.27,0.26477954,-0.3138128,-12.160246,2016-03-12,18:21:56.122
9.34,-0.46091253,0.28439283,-11.581654,2016-03-12,18:21:56.192
9.437,-1.5886773,-0.26477954,-13.08207,2016-03-12,18:21:56.289
9.536,0.48052585,-0.9904716,-12.179859,2016-03-12,18:21:56.388
9.564,0.89240515,-0.9120184,-12.189666,2016-03-12,18:21:56.416
9.629,0.2941995,-0.6766588,-13.925443,2016-03-12,18:21:56.481
9.696,-1.2258313,-0.6766588,-12.06218,2016-03-12,18:21:56.548
9.716,-1.2258313,-0.6668522,-12.06218,2016-03-12,18:21:56.568
9.775,-0.9414384,-1.3533176,-11.699333,2016-03-12,18:21:56.627
9.84,-0.32361946,-1.5592573,-10.610795,2016-03-12,18:21:56.692
9.938,-0.8727918,-2.1378496,-9.914523,2016-03-12,18:21:56.79
9.985,-0.61781895,-0.56878567,-11.012868,2016-03-12,18:21:56.837
10.053,-0.588399,-0.1372931,-9.92433,2016-03-12,18:21:56.905
10.13,0.2941995,-0.5001391,-11.522814,2016-03-12,18:21:56.982
10.2,-1.9221034,-1.0983448,-11.4247465,2016-03-12,18:21:57.052
10.27,-1.8044236,-0.2157463,-10.395049,2016-03-12,18:21:57.122
10.34,0.10787315,0.36284605,-10.885382,2016-03-12,18:21:57.192
10.434,-1.4415776,-1.0885382,-9.5320635,2016-03-12,18:21:57.286
10.508,-1.7161638,0.0588399,-5.933023,2016-03-12,18:21:57.36
10.55,-2.0495899,-0.10787315,-7.4334407,2016-03-12,18:21:57.402
10.62,-1.8142302,-1.6867437,-10.561762,2016-03-12,18:21:57.472
10.69,-2.0397832,-0.36284605,-10.002783,2016-03-12,18:21:57.542
10.761,-0.84337187,-0.55897903,-9.65955,2016-03-12,18:21:57.613
10.841,-2.186883,-0.98066497,-9.9047165,2016-03-12,18:21:57.693
10.91,-2.3143694,-1.0198916,-8.061066,2016-03-12,18:21:57.762
11.042,-0.9610517,-0.5491724,-6.8548484,2016-03-12,18:21:57.894
11.075,-4.2364726,-0.9904716,-10.797121,2016-03-12,18:21:57.927
11.121,0.7747253,-0.78453195,-10.100849,2016-03-12,18:21:57.973
11.194,-0.78453195,0.088259846,-9.414384,2016-03-12,18:21:58.046
11.259,-0.8629852,0.56878567,-10.247949,2016-03-12,18:21:58.111
11.33,-0.7256921,0.56878567,-11.375713,2016-03-12,18:21:58.182
11.347,-0.7256921,-0.83356524,-11.375713,2016-03-12,18:21:58.199
11.401,-1.8534569,-0.83356524,-11.67972,2016-03-12,18:21:58.253
11.432,-1.8534569,0.74530536,-11.67972,2016-03-12,18:21:58.284
11.5,-0.8727918,-0.8139519,-12.483865,2016-03-12,18:21:58.352
11.551,-0.9120184,2.3437893,-13.209558,2016-03-12,18:21:58.403
11.62,-0.9904716,0.35303938,-12.307345,2016-03-12,18:21:58.472
11.69,-0.60801226,-0.42168593,-12.170053,2016-03-12,18:21:58.542
11.764,-0.32361946,-0.78453195,-11.67972,2016-03-12,18:21:58.616
11.832,-0.8041453,-1.1277647,-12.405412,2016-03-12,18:21:58.684
11.901,-0.65704554,-0.39226598,-12.4642515,2016-03-12,18:21:58.753
12.054,0.0784532,-1.0591182,-12.297539,2016-03-12,18:21:58.906
12.078,-1.5984839,-0.6472389,-11.307067,2016-03-12,18:21:58.93
12.123,-1.5102241,-0.8727918,-10.973641,2016-03-12,18:21:58.975
12.191,-0.5982056,-0.4707192,-11.101128,2016-03-12,18:21:59.043
12.26,-1.8044236,-1.1081514,-9.767424,2016-03-12,18:21:59.112
12.33,-1.6082906,-1.8142302,-10.453889,2016-03-12,18:21:59.182
12.4,-1.176798,-0.51975244,-10.306788,2016-03-12,18:21:59.252
12.47,-2.490889,0.4707192,-9.149604,2016-03-12,18:21:59.322
12.56,-2.4222424,0.00980665,-9.943943,2016-03-12,18:21:59.412
12.635,-2.0888164,-1.9515233,-8.394492,2016-03-12,18:21:59.487
12.687,-1.3140911,-1.5004175,-9.149604,2016-03-12,18:21:59.539
12.763,-2.490889,-1.5102241,-8.521978,2016-03-12,18:21:59.615
12.829,-2.324176,-1.1669914,-8.757339,2016-03-12,18:21:59.681
12.899,-1.4906107,-0.8139519,-9.071151,2016-03-12,18:21:59.751
12.978,-2.5889556,-1.3337044,-10.169496,2016-03-12,18:21:59.83
13.058,-1.8534569,-1.8142302,-10.247949,2016-03-12,18:21:59.91
13.135,-1.5494506,-0.71588546,-10.042009,2016-03-12,18:21:59.987
13.202,-1.8240368,-1.8338435,-10.650022,2016-03-12,18:22:00.054
13.26,-1.8142302,-1.6965504,-10.355823,2016-03-12,18:22:00.112
13.33,-2.2163029,-1.4709975,-9.228058,2016-03-12,18:22:00.182
13.4,-2.3339827,-1.1571847,-8.767145,2016-03-12,18:22:00.252
13.47,-1.1081514,-0.46091253,-4.7954516,2016-03-12,18:22:00.322
13.543,-3.2656143,-0.9610517,-7.031368,2016-03-12,18:22:00.395
13.635,-0.79433864,-1.6377105,-8.982891,2016-03-12,18:22:00.487
13.679,-0.8139519,-0.1569064,-8.953471,2016-03-12,18:22:00.531
13.769,-1.176798,-0.22555295,-10.395049,2016-03-12,18:22:00.621
13.83,-0.8139519,-1.3925443,-10.591182,2016-03-12,18:22:00.682
13.9,-0.55897903,0.1176798,-11.375713,2016-03-12,18:22:00.752
13.971,-0.5393657,-0.1569064,-12.660385,2016-03-12,18:22:00.823
14.042,-1.0002782,0.6472389,-11.728753,2016-03-12,18:22:00.894
14.134,-1.6671305,1.1964113,-12.06218,2016-03-12,18:22:00.986
14.177,-0.00980665,-1.0591182,-12.052373,2016-03-12,18:22:01.029
14.251,0.0784532,-0.8531785,-11.895466,2016-03-12,18:22:01.103
14.32,-0.8727918,-1.7651969,-12.366185,2016-03-12,18:22:01.172
14.39,-1.0198916,-1.2356379,-11.758173,2016-03-12,18:22:01.242
14.46,-0.0784532,-1.2356379,-10.610795,2016-03-12,18:22:01.312
14.501,-0.0784532,-1.6180972,-10.610795,2016-03-12,18:22:01.353
14.546,-0.39226598,-2.010363,-12.248506,2016-03-12,18:22:01.398
14.611,-2.3339827,-0.9904716,-11.493394,2016-03-12,18:22:01.463
14.68,-2.5595355,-2.2751427,-10.561762,2016-03-12,18:22:01.532
14.75,-2.3143694,-0.60801226,-9.757616,2016-03-12,18:22:01.602
14.82,-2.7654753,-1.5494506,-10.1989155,2016-03-12,18:22:01.672
14.89,-1.2944778,-1.2748644,-11.032481,2016-03-12,18:22:01.742
14.962,-1.3140911,-0.9904716,-11.3561,2016-03-12,18:22:01.814
15.052,-1.3925443,0.049033247,-11.032481,2016-03-12,18:22:01.904
15.111,-2.5399222,-0.9610517,-9.257478,2016-03-12,18:22:01.963
15.183,-1.6573238,-1.5886773,-8.551398,2016-03-12,18:22:02.035
15.25,-1.6965504,-0.8041453,-6.5998755,2016-03-12,18:22:02.102
15.32,-2.3830159,-1.6965504,-8.463139,2016-03-12,18:22:02.172
15.39,-2.3732092,-0.8531785,-9.992976,2016-03-12,18:22:02.242
15.46,-1.6180972,-0.2941995,-9.326124,2016-03-12,18:22:02.312
15.55,-1.372931,-1.4906107,-10.463696,2016-03-12,18:22:02.402
15.627,-1.2062179,-1.4906107,-10.002783,2016-03-12,18:22:02.479
15.671,-2.0692031,-0.69627213,-9.738003,2016-03-12,18:22:02.523
15.751,-1.6475172,-0.588399,-9.443804,2016-03-12,18:22:02.603
15.819,-1.9613299,-1.2160245,-7.6295733,2016-03-12,18:22:02.671
15.89,-1.3925443,0.65704554,-6.697942,2016-03-12,18:22:02.742
15.967,-1.90249,-0.06864655,-8.070872,2016-03-12,18:22:02.819
16.03,-1.343511,0.26477954,-8.982891,2016-03-12,18:22:02.882
16.127,-2.1182363,-2.1966896,-10.767701,2016-03-12,18:22:02.979
16.174,0.17651969,0.24516624,-11.022675,2016-03-12,18:22:03.026
16.244,-0.48052585,-1.3533176,-10.591182,2016-03-12,18:22:03.096
16.32,-0.5295591,-1.4513842,-13.896023,2016-03-12,18:22:03.172
16.39,-0.5001391,-1.6180972,-12.346572,2016-03-12,18:22:03.242
16.46,-0.5295591,0.9022118,-12.591739,2016-03-12,18:22:03.312
16.533,-0.48052585,-1.7553903,-12.179859,2016-03-12,18:22:03.385
16.599,-0.40207264,-2.010363,-11.38552,2016-03-12,18:22:03.451
16.698,-0.049033247,-0.74530536,-12.542705,2016-03-12,18:22:03.55
16.748,-0.70607877,-1.1179581,-12.170053,2016-03-12,18:22:03.6
16.809,-0.9120184,-0.8041453,-11.316874,2016-03-12,18:22:03.661
16.88,-1.3140911,-0.8041453,-11.454167,2016-03-12,18:22:03.732
16.897,-1.3140911,-0.098066494,-11.454167,2016-03-12,18:22:03.749
16.951,-1.8338435,-0.1569064,-10.983448,2016-03-12,18:22:03.803
17.07,-1.3925443,-0.5491724,-11.169774,2016-03-12,18:22:03.922
17.115,-2.4222424,-0.4118793,-10.355823,2016-03-12,18:22:03.967
17.196,-1.6965504,-0.5099458,-10.5715685,2016-03-12,18:22:04.048
17.241,-1.7455837,-1.5102241,-10.8657675,2016-03-12,18:22:04.093
17.31,-2.7262487,-1.6573238,-10.277369,2016-03-12,18:22:04.162
17.38,-2.991028,-0.40207264,-8.747532,2016-03-12,18:22:04.232
17.452,-2.0790098,0.32361946,-8.3846855,2016-03-12,18:22:04.304
17.532,-1.3925443,1.3238977,-6.943108,2016-03-12,18:22:04.384
17.615,-1.8534569,-1.706357,-8.933858,2016-03-12,18:22:04.467
17.697,-3.2558076,-0.24516624,-9.218251,2016-03-12,18:22:04.549
17.737,-1.99075,-2.7850885,-9.796844,2016-03-12,18:22:04.589
17.81,-2.0005565,-0.92182505,-10.640215,2016-03-12,18:22:04.662
17.88,-2.2163029,-1.1669914,-9.973363,2016-03-12,18:22:04.732
17.95,-1.90249,-1.2846711,-10.1989155,2016-03-12,18:22:04.802
18.023,-1.7259704,-0.70607877,-10.169496,2016-03-12,18:22:04.875
18.091,-1.5592573,-0.70607877,-10.355823,2016-03-12,18:22:04.943
18.131,-1.5592573,-1.2944778,-10.355823,2016-03-12,18:22:04.983
18.199,-2.912575,-1.2944778,-8.982891,2016-03-12,18:22:05.051
18.221,-2.912575,-1.6180972,-8.982891,2016-03-12,18:22:05.073
18.239,-2.9223816,-0.8139519,-6.2272224,2016-03-12,18:22:05.091
18.304,0.56878567,0.26477954,-5.6682434,2016-03-12,18:22:05.156
18.384,-2.0790098,-1.5984839,-8.512172,2016-03-12,18:22:05.236
18.449,-2.941995,-0.36284605,-8.835792,2016-03-12,18:22:05.301
18.522,-1.5102241,-0.83356524,-11.336487,2016-03-12,18:22:05.374
18.621,-0.70607877,1.1669914,-10.914802,2016-03-12,18:22:05.473
18.659,-0.588399,-2.3634026,-11.787593,2016-03-12,18:22:05.511
18.734,-0.2157463,-0.32361946,-12.503478,2016-03-12,18:22:05.586
18.8,-0.6864655,-0.32361946,-11.199194,2016-03-12,18:22:05.652
18.817,-0.6864655,-3.304841,-11.199194,2016-03-12,18:22:05.669
18.882,-0.2549729,-2.4124358,-11.41494,2016-03-12,18:22:05.734
18.962,-1.1277647,-3.9618864,-12.326959,2016-03-12,18:22:05.814
19.048,-1.706357,-1.1571847,-12.03276,2016-03-12,18:22:05.9
19.093,-0.79433864,-0.8139519,-11.26784,2016-03-12,18:22:05.945
19.157,0.98066497,-1.3337044,-12.984004,2016-03-12,18:22:06.009
19.23,-0.48052585,-2.3437893,-11.552234,2016-03-12,18:22:06.082
19.3,-1.6475172,-1.2944778,-11.434553,2016-03-12,18:22:06.152
19.37,-1.8632635,-1.1375713,-9.98317,2016-03-12,18:22:06.222
19.451,-0.6766588,-1.2160245,-9.80665,2016-03-12,18:22:06.303
19.55,-1.2062179,-2.2359161,-10.463696,2016-03-12,18:22:06.402
19.606,-0.78453195,-1.2160245,-9.943943,2016-03-12,18:22:06.458
19.663,-1.4709975,-1.2356379,-11.101128,2016-03-12,18:22:06.515
19.734,-1.2258313,-1.4906107,-11.2384205,2016-03-12,18:22:06.586
19.8,-2.3143694,-1.3827376,-9.2378645,2016-03-12,18:22:06.652
19.87,-0.93163174,-1.5298374,-7.305954,2016-03-12,18:22:06.722
19.94,-2.3437893,-1.2258313,-6.6587152,2016-03-12,18:22:06.792
20.012,-1.5886773,-1.2258313,-9.60071,2016-03-12,18:22:06.864
20.057,-1.5886773,-0.32361946,-9.60071,2016-03-12,18:22:06.909
20.104,-0.26477954,0.0784532,-9.65955,2016-03-12,18:22:06.956
20.167,-2.5105023,-1.2748644,-10.316595,2016-03-12,18:22:07.019
20.237,-0.57859236,-1.0296983,-10.493115,2016-03-12,18:22:07.089
20.306,-2.2751427,-0.39226598,-8.737725,2016-03-12,18:22:07.158
20.372,-2.4516625,-1.2258313,-8.090487,2016-03-12,18:22:07.224
20.44,-1.7651969,-1.1571847,-5.521144,2016-03-12,18:22:07.292
20.51,-1.539644,-0.1372931,-8.423912,2016-03-12,18:22:07.362
20.608,-0.98066497,-0.1372931,-8.924051,2016-03-12,18:22:07.46
20.632,-0.98066497,-1.3042845,-8.924051,2016-03-12,18:22:07.484
20.688,-0.2353596,-1.3042845,-10.120462,2016-03-12,18:22:07.54
20.702,-0.2353596,-1.147378,-10.120462,2016-03-12,18:22:07.554
20.733,-0.9904716,0.60801226,-12.06218,2016-03-12,18:22:07.585
20.797,0.22555295,0.00980665,-12.189666,2016-03-12,18:22:07.649
20.87,-1.372931,-0.30400613,-12.415218,2016-03-12,18:22:07.722
20.94,0.0588399,-0.22555295,-11.728753,2016-03-12,18:22:07.792
21.024,-0.40207264,-0.83356524,-11.70914,2016-03-12,18:22:07.876
21.08,-1.3827376,-1.0787314,-12.532898,2016-03-12,18:22:07.932
21.15,-0.3334261,-0.36284605,-13.337044,2016-03-12,18:22:08.002
21.22,-0.6766588,-0.36284605,-10.816734,2016-03-12,18:22:08.072
21.237,-0.6766588,-0.5982056,-10.816734,2016-03-12,18:22:08.089
21.302,-0.4118793,-2.1476562,-10.914802,2016-03-12,18:22:08.154
21.382,-1.1375713,-1.1081514,-11.493394,2016-03-12,18:22:08.234
21.459,-0.6668522,-0.098066494,-10.983448,2016-03-12,18:22:08.311
21.51,-1.5984839,-1.1866046,-10.424469,2016-03-12,18:22:08.362
21.58,-1.2258313,-0.8531785,-10.257755,2016-03-12,18:22:08.432
21.65,-0.5001391,-1.5788707,-11.758173,2016-03-12,18:22:08.502
21.72,-0.37265268,-2.0005565,-10.895188,2016-03-12,18:22:08.572
21.793,0.2157463,-0.5491724,-11.503201,2016-03-12,18:22:08.645
21.88,-1.1375713,-1.0983448,-10.914802,2016-03-12,18:22:08.732
21.954,-0.7256921,0.48052585,-9.787037,2016-03-12,18:22:08.806
22.011,-0.79433864,-0.951245,-7.423634,2016-03-12,18:22:08.863
22.08,-1.5788707,-0.30400613,-5.0798445,2016-03-12,18:22:08.932
22.15,-1.5200307,-1.1866046,-9.610517,2016-03-12,18:22:09.002
22.221,-1.7848103,-0.7256921,-8.620045,2016-03-12,18:22:09.073
22.29,-1.2748644,-1.2454445,-10.5715685,2016-03-12,18:22:09.142
22.361,-0.4511059,-0.48052585,-10.002783,2016-03-12,18:22:09.213
22.452,-1.5788707,-1.0983448,-9.5320635,2016-03-12,18:22:09.304
22.513,-2.0790098,-1.0296983,-5.4132705,2016-03-12,18:22:09.365
22.579,-1.0493115,-0.49033248,-9.18883,2016-03-12,18:22:09.431
22.65,0.1372931,-0.75511205,-9.68897,2016-03-12,18:22:09.502
22.72,-0.6766588,-1.7651969,-8.159133,2016-03-12,18:22:09.572
22.79,0.35303938,1.1571847,-10.650022,2016-03-12,18:22:09.642
22.86,-2.128043,2.6477954,-11.993532,2016-03-12,18:22:09.712
22.957,0.35303938,0.049033247,-12.797678,2016-03-12,18:22:09.809
23.014,0.0,1.0787314,-12.817291,2016-03-12,18:22:09.866
23.081,-0.24516624,-0.35303938,-13.288011,2016-03-12,18:22:09.933
23.15,0.4511059,-1.2258313,-12.611352,2016-03-12,18:22:10.002
23.22,-0.40207264,-1.8338435,-12.827098,2016-03-12,18:22:10.072
23.29,0.79433864,-1.6769371,-13.131104,2016-03-12,18:22:10.142
23.371,0.0,-1.2356379,-10.914802,2016-03-12,18:22:10.223
23.433,-0.24516624,-1.6867437,-10.404856,2016-03-12,18:22:10.285
23.528,-0.2353596,-1.0591182,-11.248227,2016-03-12,18:22:10.38
23.595,-0.93163174,-0.3138128,-10.0910425,2016-03-12,18:22:10.447
23.64,-0.35303938,-0.3138128,-10.189109,2016-03-12,18:22:10.492
23.657,-0.35303938,-0.4707192,-10.189109,2016-03-12,18:22:10.509
23.711,-0.5982056,-0.4707192,-10.816734,2016-03-12,18:22:10.563
23.727,-0.5982056,-1.2650578,-10.816734,2016-03-12,18:22:10.579
23.792,-0.4314926,-0.2353596,-10.934415,2016-03-12,18:22:10.644
23.859,-1.3925443,-1.3925443,-10.963835,2016-03-12,18:22:10.711
23.957,-1.3140911,-1.3631244,-12.140633,2016-03-12,18:22:10.809
24.001,-1.4415776,-1.0198916,-10.846154,2016-03-12,18:22:10.853
24.085,-0.28439283,-0.26477954,-8.884825,2016-03-12,18:22:10.937
24.14,-2.010363,0.12748645,-6.0408964,2016-03-12,18:22:10.992
24.21,-1.6377105,-0.8041453,-7.001948,2016-03-12,18:22:11.062
24.28,-2.3437893,-0.8041453,-10.022396,2016-03-12,18:22:11.132
24.297,-2.3437893,-0.9022118,-10.022396,2016-03-12,18:22:11.149
24.365,-0.32361946,-0.9022118,-9.473224,2016-03-12,18:22:11.217
24.408,-0.32361946,-3.0204482,-9.473224,2016-03-12,18:22:11.26
24.437,-0.93163174,-0.6668522,-10.375436,2016-03-12,18:22:11.289
24.511,-0.57859236,-1.4219642,-10.100849,2016-03-12,18:22:11.363
24.571,-3.0302548,-0.6472389,-7.7668667,2016-03-12,18:22:11.423
24.64,-0.42168593,-1.1866046,-5.040618,2016-03-12,18:22:11.492
24.71,-3.2067745,0.55897903,-6.550842,2016-03-12,18:22:11.562
24.781,-0.1372931,-0.5491724,-8.973084,2016-03-12,18:22:11.633
24.877,-1.5984839,-2.128043,-9.963556,2016-03-12,18:22:11.729
24.944,1.0100849,0.38245934,-13.160524,2016-03-12,18:22:11.796
25.002,-0.24516624,-1.6573238,-12.797678,2016-03-12,18:22:11.854
25.069,0.588399,-0.24516624,-11.6503,2016-03-12,18:22:11.921
25.14,-0.0392266,-2.2359161,-12.817291,2016-03-12,18:22:11.992
25.21,-0.0588399,-2.3928225,-12.836905,2016-03-12,18:22:12.062
25.29,-0.6374322,-2.5693421,-13.072264,2016-03-12,18:22:12.142
25.351,-1.6377105,-1.7946169,-12.6505785,2016-03-12,18:22:12.203
25.455,-0.51975244,-2.4810824,-12.9447775,2016-03-12,18:22:12.307
25.509,-0.6276256,-1.0198916,-11.728753,2016-03-12,18:22:12.361
25.562,-1.372931,-1.0198916,-12.042566,2016-03-12,18:22:12.414
25.638,-1.2552512,-0.588399,-10.728475,2016-03-12,18:22:12.49
25.71,-1.6769371,-1.0002782,-10.551955,2016-03-12,18:22:12.562
25.78,-1.706357,-1.7259704,-10.208722,2016-03-12,18:22:12.632
25.85,-0.8237586,-0.8237586,-11.53262,2016-03-12,18:22:12.702
25.92,-1.2748644,-0.55897903,-11.003061,2016-03-12,18:22:12.772
26.02,-0.5491724,-0.9904716,-10.395049,2016-03-12,18:22:12.872
26.086,-1.5298374,-0.02941995,-10.042009,2016-03-12,18:22:12.938
26.131,-0.78453195,-0.7747253,-7.3746004,2016-03-12,18:22:12.983
26.2,-0.51975244,-0.7747253,-6.7077484,2016-03-12,18:22:13.052
26.217,-0.51975244,-0.4511059,-6.7077484,2016-03-12,18:22:13.069
26.271,-1.6180972,-0.4511059,-9.433997,2016-03-12,18:22:13.123
26.287,-1.6180972,-0.42168593,-9.433997,2016-03-12,18:22:13.139
26.355,-1.2846711,-2.010363,-10.179302,2016-03-12,18:22:13.207
26.428,-1.3533176,-0.75511205,-9.463417,2016-03-12,18:22:13.28
26.495,-0.2353596,-0.88259846,-9.669356,2016-03-12,18:22:13.347
26.561,-0.61781895,-1.5592573,-10.581375,2016-03-12,18:22:13.413
26.631,-0.5393657,-1.2356379,-9.77723,2016-03-12,18:22:13.483
26.7,-0.32361946,-1.1375713,-9.845877,2016-03-12,18:22:13.552
26.777,0.30400613,-0.7747253,-10.728475,2016-03-12,18:22:13.629
26.85,-0.46091253,-1.5788707,-11.110934,2016-03-12,18:22:13.702
26.947,-0.40207264,-0.8139519,-10.885382,2016-03-12,18:22:13.799
27.001,-0.2353596,-1.6082906,-10.149882,2016-03-12,18:22:13.853
27.06,-1.1375713,-0.92182505,-9.934136,2016-03-12,18:22:13.912
27.13,-1.5788707,-1.2552512,-8.423912,2016-03-12,18:22:13.982
27.2,-1.1964113,-0.0196133,-3.4813607,2016-03-12,18:22:14.052
27.27,-4.285506,-3.108708,-8.727919,2016-03-12,18:22:14.122
27.34,0.4118793,-0.0784532,-7.5118937,2016-03-12,18:22:14.192
27.41,-0.56878567,-0.9022118,-9.286898,2016-03-12,18:22:14.262
27.562,0.12748645,-1.2258313,-11.346293,2016-03-12,18:22:14.414
27.576,0.6864655,-0.55897903,-12.042566,2016-03-12,18:22:14.428
27.635,0.1372931,-1.5102241,-12.885938,2016-03-12,18:22:14.487
27.695,-0.049033247,-1.6965504,-14.298096,2016-03-12,18:22:14.547
27.77,-1.0493115,-1.0493115,-14.288289,2016-03-12,18:22:14.622
27.84,-0.1569064,-0.5491724,-12.562319,2016-03-12,18:22:14.692
27.91,-0.8139519,-1.0296983,-12.4642515,2016-03-12,18:22:14.762
27.989,-0.4118793,-1.6475172,-11.32668,2016-03-12,18:22:14.841
28.078,-0.2353596,-1.4317709,-10.257755,2016-03-12,18:22:14.93
28.149,-0.98066497,-1.4808041,-11.473781,2016-03-12,18:22:15.001
28.193,-1.2160245,-0.84337187,-11.581654,2016-03-12,18:22:15.045
28.27,-0.89240515,-1.0002782,-11.2384205,2016-03-12,18:22:15.122
28.34,-0.9610517,-1.5494506,-11.022675,2016-03-12,18:22:15.192
28.41,-1.0395049,-1.1277647,-9.65955,2016-03-12,18:22:15.262
28.49,-1.6082906,-1.5004175,-9.365351,2016-03-12,18:22:15.342
28.554,-1.0395049,-0.5099458,-9.63013,2016-03-12,18:22:15.406
28.664,-0.3138128,-0.36284605,-6.354709,2016-03-12,18:22:15.516
28.697,-1.7455837,-0.36284605,-9.012311,2016-03-12,18:22:15.549
28.737,-1.7455837,-2.9714148,-9.012311,2016-03-12,18:22:15.589
28.768,-1.7259704,1.5298374,-10.767701,2016-03-12,18:22:15.62
28.837,-1.4709975,-1.9515233,-9.2378645,2016-03-12,18:22:15.689
28.91,-0.28439283,-0.2941995,-10.954028,2016-03-12,18:22:15.762
28.985,-1.3631244,-1.4415776,-9.5320635,2016-03-12,18:22:15.837
29.053,-0.1176798,-0.79433864,-10.149882,2016-03-12,18:22:15.905
29.146,-0.8139519,-1.3140911,-9.757616,2016-03-12,18:22:15.998
29.187,0.6276256,-1.3631244,-10.826541,2016-03-12,18:22:16.039
29.263,-0.5099458,-1.7161638,-10.904995,2016-03-12,18:22:16.115
29.329,-0.5393657,-1.93191,-10.728475,2016-03-12,18:22:16.181
29.4,-1.6475172,-1.2944778,-10.395049,2016-03-12,18:22:16.252
29.47,-0.30400613,-1.4415776,-9.698776,2016-03-12,18:22:16.322
29.554,-1.2552512,-1.0983448,-9.257478,2016-03-12,18:22:16.406
29.62,-1.7259704,-1.372931,-7.4628606,2016-03-12,18:22:16.472
29.718,1.0002782,-0.1176798,-3.0989013,2016-03-12,18:22:16.57
29.793,-2.9616082,-1.4513842,-6.2860627,2016-03-12,18:22:16.645
29.834,-0.6668522,-1.3925443,-9.228058,2016-03-12,18:22:16.686
29.899,0.98066497,-0.5099458,-11.640493,2016-03-12,18:22:16.751
29.97,0.38245934,-0.42168593,-12.03276,2016-03-12,18:22:16.822
30.043,1.7553903,0.16671304,-14.513842,2016-03-12,18:22:16.895
30.12,0.79433864,-0.8237586,-15.053207,2016-03-12,18:22:16.972
30.19,0.12748645,-1.5494506,-15.867159,2016-03-12,18:22:17.042
30.289,0.78453195,-1.6082906,-13.111491,2016-03-12,18:22:17.141
30.355,-0.44129923,-0.0784532,-12.974197,2016-03-12,18:22:17.207
30.403,-1.147378,-0.40207264,-10.718668,2016-03-12,18:22:17.255
30.469,-0.37265268,-0.6766588,-10.954028,2016-03-12,18:22:17.321
30.544,-1.147378,-1.3140911,-10.375436,2016-03-12,18:22:17.396
30.609,0.12748645,-0.7354987,-10.267562,2016-03-12,18:22:17.461
30.681,-0.70607877,-0.84337187,-10.473502,2016-03-12,18:22:17.533
30.75,-0.65704554,-0.84337187,-11.209001,2016-03-12,18:22:17.602
30.795,-0.65704554,-0.83356524,-11.209001,2016-03-12,18:22:17.647
30.822,-0.1176798,-0.83356524,-11.316874,2016-03-12,18:22:17.674
30.881,-0.1176798,0.0392266,-11.316874,2016-03-12,18:22:17.733
30.904,-1.3140911,-0.97085834,-9.002504,2016-03-12,18:22:17.756
30.976,-1.176798,0.2353596,-9.77723,2016-03-12,18:22:17.828
31.042,-0.84337187,0.19613299,-9.561483,2016-03-12,18:22:17.894
31.109,-0.78453195,-0.46091253,-8.0120325,2016-03-12,18:22:17.961
31.18,-1.3827376,-0.7649187,-9.18883,2016-03-12,18:22:18.032
31.276,-0.40207264,0.7354987,-10.620602,2016-03-12,18:22:18.128
31.345,0.20593965,-0.8727918,-9.875297,2016-03-12,18:22:18.197
31.401,-1.8044236,-0.2157463,-9.60071,2016-03-12,18:22:18.253
31.47,-2.128043,-0.65704554,-9.963556,2016-03-12,18:22:18.322
31.544,-2.5301156,-1.2748644,-9.914523,2016-03-12,18:22:18.396
31.609,-1.0296983,-1.3533176,-13.258591,2016-03-12,18:22:18.461
31.68,2.4026291,-3.4029074,-11.316874,2016-03-12,18:22:18.532
31.75,-0.97085834,-1.4121575,-10.169496,2016-03-12,18:22:18.602
31.848,1.1669914,-1.0395049,-9.914523,2016-03-12,18:22:18.7
31.915,-0.56878567,-2.4516625,-10.110656,2016-03-12,18:22:18.767
31.971,-0.6668522,-1.6180972,-10.051816,2016-03-12,18:22:18.823
32.033,-0.79433864,-0.4511059,-10.502922,2016-03-12,18:22:18.885
32.11,-0.36284605,-1.3631244,-10.375436,2016-03-12,18:22:18.962
32.18,-0.48052585,-1.3827376,-11.003061,2016-03-12,18:22:19.032
32.25,-1.7553903,-0.9120184,-9.394771,2016-03-12,18:22:19.102
32.32,0.6668522,-1.6769371,-10.689248,2016-03-12,18:22:19.172
32.417,-1.3925443,-1.4121575,-9.885103,2016-03-12,18:22:19.269
32.509,-0.0588399,-1.0493115,-10.051816,2016-03-12,18:22:19.361
32.53,0.0588399,-1.3533176,-10.081236,2016-03-12,18:22:19.382
32.606,-0.51975244,-1.5788707,-9.95375,2016-03-12,18:22:19.458
32.669,0.2941995,-2.3045628,-10.404856,2016-03-12,18:22:19.521
32.74,-0.37265268,-1.5004175,-10.012589,2016-03-12,18:22:19.592
32.813,-0.22555295,-2.4712758,-10.600988,2016-03-12,18:22:19.665
32.906,0.1569064,-1.8534569,-10.149882,2016-03-12,18:22:19.758
33.028,0.0196133,-1.7259704,-10.159689,2016-03-12,18:22:19.88
33.045,0.79433864,-1.6082906,-10.208722,2016-03-12,18:22:19.897
33.119,1.4219642,-1.5984839,-9.296704,2016-03-12,18:22:19.971
33.187,0.22555295,-1.6769371,-10.042009,2016-03-12,18:22:20.039
33.241,0.51975244,-1.2062179,-10.483309,2016-03-12,18:22:20.093
33.31,0.2941995,-1.8926834,-10.179302,2016-03-12,18:22:20.162
33.396,0.65704554,-1.5592573,-10.316595,2016-03-12,18:22:20.248
33.484,0.19613299,-1.5592573,-10.159689,2016-03-12,18:22:20.336
33.501,0.19613299,-1.6475172,-10.159689,2016-03-12,18:22:20.353
33.53,0.36284605,-1.5690639,-10.414662,2016-03-12,18:22:20.382
33.595,0.42168593,-1.6180972,-10.149882,2016-03-12,18:22:20.447
33.692,2.0790098,-1.8338435,-10.561762,2016-03-12,18:22:20.544
33.756,-0.6864655,-1.5200307,-10.934415,2016-03-12,18:22:20.608
