0.028,2.186883,6.384129,6.609682,2016-03-09,20:56:08.349
0.085,2.7654753,6.5998755,6.609682,2016-03-09,20:56:08.406
0.119,2.4222424,7.001948,6.7371683,2016-03-09,20:56:08.44
0.189,2.2359161,7.4432473,8.463139,2016-03-09,20:56:08.51
0.263,1.8730701,6.9823346,8.119906,2016-03-09,20:56:08.584
0.332,1.0591182,4.1874394,3.80498,2016-03-09,20:56:08.653
0.402,2.4026291,3.638267,-1.4121575,2016-03-09,20:56:08.723
0.477,10.963835,5.521144,1.6279038,2016-03-09,20:56:08.798
0.548,13.6116295,6.129156,4.2953124,2016-03-09,20:56:08.869
0.629,12.758451,5.2465577,9.169217,2016-03-09,20:56:08.95
0.698,10.650022,5.9428296,14.376549,2016-03-09,20:56:09.019
0.766,5.550564,4.726805,16.416332,2016-03-09,20:56:09.087
0.844,2.3928225,2.7262487,10.826541,2016-03-09,20:56:09.165
0.912,0.5099458,1.5690639,5.462304,2016-03-09,20:56:09.233
0.985,0.40207264,2.1084297,1.8828768,2016-03-09,20:56:09.306
1.064,1.176798,3.334261,0.51975244,2016-03-09,20:56:09.385
1.133,4.1089864,4.785645,-1.7651969,2016-03-09,20:56:09.454
1.2,6.5018086,4.785645,-2.7948952,2016-03-09,20:56:09.521
1.214,6.5018086,5.2269444,-2.7948952,2016-03-09,20:56:09.535
1.282,8.835792,4.6875787,-0.48052585,2016-03-09,20:56:09.603
1.35,17.200863,9.68897,-2.7654753,2016-03-09,20:56:09.671
1.428,14.749201,7.913966,5.9526362,2016-03-09,20:56:09.749
1.501,14.023509,7.149048,12.111213,2016-03-09,20:56:09.822
1.569,7.737447,5.599597,13.562596,2016-03-09,20:56:09.89
1.637,5.462304,5.599597,9.80665,2016-03-09,20:56:09.958
1.65,5.462304,3.8736267,9.80665,2016-03-09,20:56:09.971
1.717,3.5402005,2.2359161,6.384129,2016-03-09,20:56:10.038
1.785,-0.65704554,1.8338435,5.236751,2016-03-09,20:56:10.106
1.863,-0.51975244,1.7651969,2.8341217,2016-03-09,20:56:10.184
1.931,0.8139519,0.84337187,-2.3634026,2016-03-09,20:56:10.252
2.012,8.747532,3.8834333,-7.001948,2016-03-09,20:56:10.333
2.08,12.915358,9.885103,-6.021283,2016-03-09,20:56:10.401
2.147,17.35777,8.678885,2.1770763,2016-03-09,20:56:10.468
2.225,19.52504,9.208445,8.943665,2016-03-09,20:56:10.546
2.298,13.650856,7.168661,11.944499,2016-03-09,20:56:10.619
2.365,8.688692,4.305119,11.885659,2016-03-09,20:56:10.686
2.444,4.5404787,3.167548,9.257478,2016-03-09,20:56:10.765
2.516,1.0395049,1.8044236,6.5312285,2016-03-09,20:56:10.837
2.584,-0.39226598,1.8240368,2.0495899,2016-03-09,20:56:10.905
2.663,-2.883155,1.8926834,-0.00980665,2016-03-09,20:56:10.984
2.731,2.0593965,1.6279038,-0.24516624,2016-03-09,20:56:11.052
2.809,8.433719,3.5205872,-3.500974,2016-03-09,20:56:11.13
2.876,12.444638,7.4334407,-8.884825,2016-03-09,20:56:11.197
2.955,19.52504,10.375436,-3.9422731,2016-03-09,20:56:11.276
3.022,19.005287,10.130269,5.629017,2016-03-09,20:56:11.343
3.104,18.534569,9.365351,7.3746004,2016-03-09,20:56:11.425
3.173,10.581375,6.364516,9.708583,2016-03-09,20:56:11.494
3.243,4.2953124,2.941995,9.973363,2016-03-09,20:56:11.564
3.313,1.343511,1.6475172,6.943108,2016-03-09,20:56:11.634
3.383,0.38245934,1.6475172,2.3143694,2016-03-09,20:56:11.704
3.396,0.38245934,2.5791488,2.3143694,2016-03-09,20:56:11.717
3.463,-0.8629852,1.6769371,-0.32361946,2016-03-09,20:56:11.784
3.533,0.4707192,2.1182363,-0.40207264,2016-03-09,20:56:11.854
3.602,5.85457,2.1182363,-2.4124358,2016-03-09,20:56:11.923
3.615,5.85457,3.079288,-2.4124358,2016-03-09,20:56:11.936
3.684,9.45361,4.3149257,-4.1874394,2016-03-09,20:56:12.005
3.752,16.239813,6.3939357,-8.041452,2016-03-09,20:56:12.073
3.819,19.328907,6.3939357,0.22555295,2016-03-09,20:56:12.14
3.832,19.328907,6.697942,0.22555295,2016-03-09,20:56:12.153
3.9,19.211227,7.4334407,8.600431,2016-03-09,20:56:12.221
3.967,16.386911,5.266171,10.973641,2016-03-09,20:56:12.288
4.045,11.003061,2.6183755,8.894631,2016-03-09,20:56:12.366
4.115,5.4328837,1.3533176,9.375157,2016-03-09,20:56:12.436
4.183,2.8733485,1.3533176,8.16894,2016-03-09,20:56:12.504
4.196,2.8733485,1.4121575,8.16894,2016-03-09,20:56:12.517
4.256,1.372931,1.147378,5.393657,2016-03-09,20:56:12.577
4.335,-2.0299766,1.2748644,-0.56878567,2016-03-09,20:56:12.656
4.41,1.1964113,0.6766588,0.4314926,2016-03-09,20:56:12.731
4.477,5.3544307,2.3830159,-5.9134097,2016-03-09,20:56:12.798
4.556,8.747532,3.0596747,-9.747809,2016-03-09,20:56:12.877
4.627,13.631243,3.9128532,-10.473502,2016-03-09,20:56:12.948
4.695,16.700724,3.9030466,-12.140633,2016-03-09,20:56:13.016
4.773,18.338434,4.089373,-5.9134097,2016-03-09,20:56:13.094
4.841,19.52504,6.6292953,1.7455837,2016-03-09,20:56:13.162
4.92,14.200028,5.187718,8.335652,2016-03-09,20:56:13.241
4.988,7.109821,2.186883,6.766588,2016-03-09,20:56:13.309
5.055,2.5791488,2.186883,5.521144,2016-03-09,20:56:13.376
5.068,2.5791488,1.7259704,5.521144,2016-03-09,20:56:13.389
5.136,3.471554,2.1084297,3.7461402,2016-03-09,20:56:13.457
5.21,1.5690639,0.7354987,0.8531785,2016-03-09,20:56:13.531
5.278,1.3042845,0.6276256,-2.8635418,2016-03-09,20:56:13.599
5.356,7.6589932,3.275421,-8.217973,2016-03-09,20:56:13.677
5.424,11.983726,5.0994577,-9.149604,2016-03-09,20:56:13.745
5.502,16.749758,6.354709,-7.100014,2016-03-09,20:56:13.823
5.571,19.52504,7.2176943,2.2064962,2016-03-09,20:56:13.892
5.642,19.240646,6.6194887,7.963,2016-03-09,20:56:13.963
5.72,13.3174305,4.756225,9.963556,2016-03-09,20:56:14.041
5.788,7.354987,2.1966896,11.120741,2016-03-09,20:56:14.109
5.866,4.4914455,1.2160245,8.3846855,2016-03-09,20:56:14.187
5.934,1.6965504,1.1964113,4.3835726,2016-03-09,20:56:14.255
6.012,1.8730701,1.2944778,1.4415776,2016-03-09,20:56:14.333
6.079,-1.2454445,0.40207264,-0.2549729,2016-03-09,20:56:14.4
6.16,2.0495899,0.46091253,-3.8736267,2016-03-09,20:56:14.481
6.229,10.277369,2.0397832,-8.737725,2016-03-09,20:56:14.55
6.295,12.738838,2.4516625,-8.531785,2016-03-09,20:56:14.616
6.374,19.52504,8.718112,1.3140911,2016-03-09,20:56:14.695
6.441,19.52504,11.169774,11.081514,2016-03-09,20:56:14.762
6.519,17.583323,8.580818,14.513842,2016-03-09,20:56:14.84
6.591,9.15941,4.422799,14.709974,2016-03-09,20:56:14.912
6.661,5.9232163,1.0198916,8.521978,2016-03-09,20:56:14.982
6.736,-1.3140911,-0.44129923,2.745862,2016-03-09,20:56:15.057
6.805,-2.687022,-0.2745862,1.1277647,2016-03-09,20:56:15.126
6.884,-2.1476562,-1.99075,-0.7747253,2016-03-09,20:56:15.205
6.951,4.0501466,-2.2751427,-7.031368,2016-03-09,20:56:15.272
7.029,16.0731,1.8926834,-16.328072,2016-03-09,20:56:15.35
7.097,19.52504,3.5892339,-10.9442215,2016-03-09,20:56:15.418
7.176,19.52504,8.757339,8.061066,2016-03-09,20:56:15.497
7.246,19.52504,12.346572,19.534847,2016-03-09,20:56:15.567
7.314,7.5413136,3.3734875,19.534847,2016-03-09,20:56:15.635
7.393,4.5404787,-6.3449025,9.963556,2016-03-09,20:56:15.714
7.46,-6.943108,-14.631521,-5.4819174,2016-03-09,20:56:15.781
7.539,4.3639593,-10.032203,-19.603493,2016-03-09,20:56:15.86
7.607,17.24009,1.0002782,-17.38719,2016-03-09,20:56:15.928
7.684,19.52504,7.7962866,-1.6573238,2016-03-09,20:56:16.005
7.752,19.52504,8.531785,7.3746004,2016-03-09,20:56:16.073
7.822,11.405133,4.7954516,12.670192,2016-03-09,20:56:16.143
7.901,7.913966,4.834678,8.600431,2016-03-09,20:56:16.222
7.968,4.7464185,1.4709975,6.943108,2016-03-09,20:56:16.289
8.047,1.1179581,-0.55897903,1.9711366,2016-03-09,20:56:16.368
8.114,-1.2062179,-1.372931,-1.5004175,2016-03-09,20:56:16.435
8.194,2.4222424,-0.5491724,-9.384964,2016-03-09,20:56:16.515
8.261,8.423912,4.8935184,-18.31882,2016-03-09,20:56:16.582
8.333,12.189666,8.041452,-15.504313,2016-03-09,20:56:16.654
8.411,15.30818,8.129713,-2.1770763,2016-03-09,20:56:16.732
8.479,19.52504,12.03276,5.1582975,2016-03-09,20:56:16.8
8.557,14.6511345,8.178746,11.375713,2016-03-09,20:56:16.878
8.626,8.257199,2.657602,10.002783,2016-03-09,20:56:16.947
8.704,2.5006957,-1.9613299,3.6774936,2016-03-09,20:56:17.025
8.772,-4.5698986,-4.2953124,1.3337044,2016-03-09,20:56:17.093
8.844,-3.4617474,-7.75706,-9.738003,2016-03-09,20:56:17.165
8.922,13.327237,5.4328837,-19.603493,2016-03-09,20:56:17.243
8.99,19.52504,9.473224,-10.954028,2016-03-09,20:56:17.311
9.068,19.52504,11.6503,7.001948,2016-03-09,20:56:17.389
9.136,13.513563,8.747532,13.248784,2016-03-09,20:56:17.457
9.204,7.502087,3.5892339,9.365351,2016-03-09,20:56:17.525
9.285,1.0395049,0.26477954,3.8540134,2016-03-09,20:56:17.606
9.353,-0.4314926,-0.39226598,-0.5001391,2016-03-09,20:56:17.674
9.431,1.5298374,-0.4511059,-6.207609,2016-03-09,20:56:17.752
9.499,9.228058,3.0694814,-12.287732,2016-03-09,20:56:17.82
9.578,14.837461,6.560649,-12.562319,2016-03-09,20:56:17.899
9.651,16.161358,7.0902076,-5.64863,2016-03-09,20:56:17.972
9.716,14.945334,9.061344,6.384129,2016-03-09,20:56:18.037
9.797,17.171444,11.179581,4.981778,2016-03-09,20:56:18.118
9.865,10.022396,6.913688,5.374044,2016-03-09,20:56:18.186
9.932,5.374044,4.167826,4.020726,2016-03-09,20:56:18.253
10.01,0.8237586,1.8044236,2.745862,2016-03-09,20:56:18.331
10.078,-0.6472389,-0.02941995,1.2258313,2016-03-09,20:56:18.399
10.157,0.00980665,-2.3830159,-3.9520798,2016-03-09,20:56:18.478
10.224,5.6192102,-0.57859236,-11.110934,2016-03-09,20:56:18.545
10.307,13.337044,4.089373,-18.103075,2016-03-09,20:56:18.628
10.375,19.23084,5.540757,-4.7464185,2016-03-09,20:56:18.696
10.442,19.52504,10.032203,2.353596,2016-03-09,20:56:18.763
10.521,16.514399,7.335374,7.678607,2016-03-09,20:56:18.842
10.589,8.443525,5.2269444,6.7371683,2016-03-09,20:56:18.91
10.667,3.559814,3.7559469,6.4723887,2016-03-09,20:56:18.988
10.735,-1.2356379,0.588399,5.7172766,2016-03-09,20:56:19.056
10.817,0.18632634,-0.8727918,-0.1569064,2016-03-09,20:56:19.138
10.884,4.324733,0.6276256,-7.472667,2016-03-09,20:56:19.205
10.952,10.993255,3.2263877,-12.434832,2016-03-09,20:56:19.273
11.03,16.504591,6.668522,-5.236751,2016-03-09,20:56:19.351
11.097,17.338158,7.4628606,-1.4808041,2016-03-09,20:56:19.418
11.175,13.660663,6.3154826,4.422799,2016-03-09,20:56:19.496
11.247,18.789541,8.16894,3.7167203,2016-03-09,20:56:19.568
11.321,12.523091,6.550842,7.58054,2016-03-09,20:56:19.642
11.388,7.335374,3.9520798,4.726805,2016-03-09,20:56:19.709
11.467,1.539644,0.14709975,5.207331,2016-03-09,20:56:19.788
11.534,-3.4519408,-0.49033248,1.4023509,2016-03-09,20:56:19.855
11.613,2.5987623,1.0689248,-4.2070527,2016-03-09,20:56:19.934
11.68,6.7862015,3.9520798,-7.2961473,2016-03-09,20:56:20.001
11.76,14.817848,7.394214,-10.414662,2016-03-09,20:56:20.081
11.829,15.857352,6.550842,-4.452219,2016-03-09,20:56:20.15
11.902,16.102518,7.2176943,-1.1179581,2016-03-09,20:56:20.223
11.97,19.52504,11.110934,5.5799837,2016-03-09,20:56:20.291
12.048,11.6110735,6.7371683,11.375713,2016-03-09,20:56:20.369
12.116,3.3636808,3.9520798,5.5309505,2016-03-09,20:56:20.437
12.194,-0.89240515,2.6968286,0.8629852,2016-03-09,20:56:20.515
12.265,0.3334261,0.9120184,1.706357,2016-03-09,20:56:20.586
12.333,0.6276256,0.9120184,1.5494506,2016-03-09,20:56:20.654
12.348,0.6276256,-0.22555295,1.5494506,2016-03-09,20:56:20.669
12.411,5.2269444,0.0,-6.080123,2016-03-09,20:56:20.732
12.478,14.043122,0.0,-13.062457,2016-03-09,20:56:20.799
12.491,14.043122,1.4611908,-13.062457,2016-03-09,20:56:20.812
12.559,15.680833,2.6183755,-5.5897903,2016-03-09,20:56:20.88
12.626,19.093548,4.834678,0.0392266,2016-03-09,20:56:20.947
12.705,18.201141,6.7862015,6.0605097,2016-03-09,20:56:21.026
12.775,13.964669,6.943108,8.688692,2016-03-09,20:56:21.096
12.851,9.002504,4.991585,8.718112,2016-03-09,20:56:21.172
12.922,6.217416,4.226666,5.1288776,2016-03-09,20:56:21.243
12.99,3.5205872,2.5693421,2.4810824,2016-03-09,20:56:21.311
13.068,-0.951245,1.7259704,0.20593965,2016-03-09,20:56:21.389
13.135,0.49033248,0.84337187,0.9904716,2016-03-09,20:56:21.456
13.214,4.3835726,1.0002782,-4.5993185,2016-03-09,20:56:21.535
13.282,8.002226,4.422799,-8.875018,2016-03-09,20:56:21.603
13.36,16.975311,8.502365,-12.581932,2016-03-09,20:56:21.681
13.43,18.671862,8.423912,-5.521144,2016-03-09,20:56:21.751
13.508,13.641049,6.4037423,3.1479347,2016-03-09,20:56:21.829
13.576,11.4247465,9.296704,9.463417,2016-03-09,20:56:21.897
13.651,8.914245,8.227779,11.964112,2016-03-09,20:56:21.972
13.719,4.6679654,4.020726,9.247671,2016-03-09,20:56:22.04
13.791,1.99075,4.020726,4.2462792,2016-03-09,20:56:22.112
13.803,1.99075,1.5200307,4.2462792,2016-03-09,20:56:22.124
13.866,-0.5001391,0.6668522,0.5295591,2016-03-09,20:56:22.187
13.944,1.7259704,0.84337187,-3.6284604,2016-03-09,20:56:22.265
14.017,8.982891,1.4023509,-9.620323,2016-03-09,20:56:22.338
14.084,11.826819,3.1283212,-13.592016,2016-03-09,20:56:22.405
14.163,11.660107,3.638267,-8.992698,2016-03-09,20:56:22.484
14.23,18.044235,7.021561,-0.06864655,2016-03-09,20:56:22.551
14.308,17.62255,10.346016,3.2263877,2016-03-09,20:56:22.629
14.376,10.924608,8.747532,7.75706,2016-03-09,20:56:22.697
14.454,7.8845463,6.335096,7.3255672,2016-03-09,20:56:22.775
14.527,4.785645,4.0991797,4.9131317,2016-03-09,20:56:22.848
14.595,1.6867437,2.294756,2.824315,2016-03-09,20:56:22.916
14.673,1.1081514,1.2552512,-0.32361946,2016-03-09,20:56:22.994
14.74,1.99075,0.5393657,-4.628739,2016-03-09,20:56:23.061
14.82,9.061344,2.687022,-10.434276,2016-03-09,20:56:23.141
14.885,13.474337,5.1288776,-8.973084,2016-03-09,20:56:23.206
14.964,14.082349,6.7273617,-5.217138,2016-03-09,20:56:23.285
15.037,14.886495,7.8453197,1.0296983,2016-03-09,20:56:23.358
15.105,16.122131,11.130548,5.1582975,2016-03-09,20:56:23.426
15.172,11.973919,11.130548,9.80665,2016-03-09,20:56:23.493
15.185,11.973919,8.512172,9.80665,2016-03-09,20:56:23.506
15.247,8.149326,6.550842,7.139241,2016-03-09,20:56:23.568
15.324,3.8736267,3.9226599,4.844485,2016-03-09,20:56:23.645
15.391,0.4511059,1.90249,3.079288,2016-03-09,20:56:23.712
15.47,-0.8727918,1.1277647,0.93163174,2016-03-09,20:56:23.791
15.542,2.0299766,1.1375713,-0.9022118,2016-03-09,20:56:23.863
15.609,8.825985,4.628739,-6.7077484,2016-03-09,20:56:23.93
15.688,12.356379,7.8257065,-8.580818,2016-03-09,20:56:24.009
15.756,10.189109,7.394214,-6.590069,2016-03-09,20:56:24.077
15.836,18.358047,9.639936,-4.5404787,2016-03-09,20:56:24.157
15.901,18.779734,11.4247465,5.1288776,2016-03-09,20:56:24.222
15.98,10.424469,6.550842,11.218807,2016-03-09,20:56:24.301
16.048,6.207609,4.089373,8.678885,2016-03-09,20:56:24.369
16.126,2.265336,2.853735,5.5603704,2016-03-09,20:56:24.447
16.193,0.24516624,2.0692031,2.853735,2016-03-09,20:56:24.514
16.271,1.8632635,1.6475172,0.32361946,2016-03-09,20:56:24.592
16.339,3.049868,2.5105023,-2.4516625,2016-03-09,20:56:24.66
16.418,7.913966,4.756225,-7.9041595,2016-03-09,20:56:24.739
16.486,9.973363,5.6094036,-9.914523,2016-03-09,20:56:24.807
16.564,13.111491,6.943108,-5.540757,2016-03-09,20:56:24.885
16.637,19.52504,9.796844,-5.1779113,2016-03-09,20:56:24.958
16.705,16.033873,7.835513,5.207331,2016-03-09,20:56:25.026
16.783,11.552234,6.3252892,6.1781893,2016-03-09,20:56:25.104
16.851,7.394214,5.070038,6.1487694,2016-03-09,20:56:25.172
16.93,4.305119,4.001113,5.521144,2016-03-09,20:56:25.251
16.999,1.8926834,2.687022,4.1285996,2016-03-09,20:56:25.32
17.066,-1.0296983,0.951245,0.9414384,2016-03-09,20:56:25.387
17.144,1.7161638,0.20593965,-2.4222424,2016-03-09,20:56:25.465
17.217,9.728196,4.148213,-9.120184,2016-03-09,20:56:25.538
17.286,13.768537,6.864655,-7.835513,2016-03-09,20:56:25.607
17.364,15.592573,7.806093,-4.834678,2016-03-09,20:56:25.685
17.432,14.709974,8.394492,0.61781895,2016-03-09,20:56:25.753
17.51,14.660941,8.590625,7.149048,2016-03-09,20:56:25.831
17.577,11.758173,7.894353,7.6491866,2016-03-09,20:56:25.898
17.656,7.0902076,5.982056,6.560649,2016-03-09,20:56:25.977
17.731,2.8341217,3.275421,4.4424124,2016-03-09,20:56:26.052
17.799,0.74530536,1.2944778,2.2457228,2016-03-09,20:56:26.12
17.867,1.4709975,0.5393657,-0.7256921,2016-03-09,20:56:26.188
17.946,2.3732092,0.06864655,-3.697107,2016-03-09,20:56:26.267
18.013,12.346572,4.177633,-7.080401,2016-03-09,20:56:26.334
18.091,19.132774,9.110377,-13.974476,2016-03-09,20:56:26.412
18.16,19.113161,9.679163,-3.1871612,2016-03-09,20:56:26.481
18.241,15.808319,8.051259,5.6094036,2016-03-09,20:56:26.562
18.309,10.914802,7.0411744,8.590625,2016-03-09,20:56:26.63
18.376,7.149048,5.8643765,7.9728065,2016-03-09,20:56:26.697
18.455,3.3734875,2.941995,8.100293,2016-03-09,20:56:26.776
18.523,1.0296983,0.3334261,4.9523582,2016-03-09,20:56:26.844
18.602,0.24516624,-1.2062179,0.14709975,2016-03-09,20:56:26.923
18.67,2.0397832,-0.35303938,-6.158576,2016-03-09,20:56:26.991
18.752,7.6982203,3.726527,-12.984004,2016-03-09,20:56:27.073
18.821,12.876131,6.825428,-15.327793,2016-03-09,20:56:27.142
18.899,13.748923,7.1784678,-6.384129,2016-03-09,20:56:27.22
18.965,18.338434,8.737725,-4.177633,2016-03-09,20:56:27.286
19.033,18.563988,10.149882,1.2552512,2016-03-09,20:56:27.354
19.112,13.40569,7.335374,4.864098,2016-03-09,20:56:27.433
19.179,5.962443,3.6480737,5.2465577,2016-03-09,20:56:27.5
19.261,0.4314926,0.2941995,3.6186538,2016-03-09,20:56:27.582
19.331,0.48052585,-0.35303938,1.8142302,2016-03-09,20:56:27.652
19.399,0.10787315,-0.0588399,-3.0106416,2016-03-09,20:56:27.72
19.478,5.119071,1.2748644,-13.49395,2016-03-09,20:56:27.799
19.545,11.473781,4.0403395,-18.534569,2016-03-09,20:56:27.866
19.623,13.219364,5.9526362,-7.4334407,2016-03-09,20:56:27.944
19.691,19.52504,12.042566,-4.3345394,2016-03-09,20:56:28.012
19.758,18.90722,12.042566,0.1569064,2016-03-09,20:56:28.079
19.771,18.90722,7.8159,0.1569064,2016-03-09,20:56:28.092
19.843,9.277091,3.8245933,4.0795665,2016-03-09,20:56:28.164
19.91,3.2263877,1.7259704,3.9913065,2016-03-09,20:56:28.231
19.978,-0.5001391,0.69627213,5.3838506,2016-03-09,20:56:28.299
20.056,0.0,0.049033247,1.9515233,2016-03-09,20:56:28.377
20.124,0.9414384,0.2745862,-3.6284604,2016-03-09,20:56:28.445
20.202,9.414384,3.5303938,-11.885659,2016-03-09,20:56:28.523
20.286,13.945056,7.139241,-8.159133,2016-03-09,20:56:28.607
20.353,18.456116,10.365629,-10.120462,2016-03-09,20:56:28.674
20.42,19.52504,9.590903,3.0204482,2016-03-09,20:56:28.741
20.488,9.169217,4.118793,10.777508,2016-03-09,20:56:28.809
20.566,4.0795665,2.991028,11.061901,2016-03-09,20:56:28.887
20.633,0.93163174,1.176798,7.6001534,2016-03-09,20:56:28.954
20.712,0.56878567,-0.1176798,3.1577413,2016-03-09,20:56:29.033
20.782,0.9120184,0.4707192,-4.2070527,2016-03-09,20:56:29.103
20.85,4.285506,0.4707192,-11.944499,2016-03-09,20:56:29.171
20.863,4.285506,1.0689248,-11.944499,2016-03-09,20:56:29.184
20.93,14.405969,6.099736,-16.259426,2016-03-09,20:56:29.251
20.998,19.52504,7.198081,-5.8447633,2016-03-09,20:56:29.319
21.077,19.52504,7.2961473,5.8349566,2016-03-09,20:56:29.398
21.144,14.709974,5.442691,11.395327,2016-03-09,20:56:29.465
21.214,7.708027,3.049868,8.051259,2016-03-09,20:56:29.535
21.292,3.049868,1.9417167,3.167548,2016-03-09,20:56:29.613
21.369,1.0002782,0.88259846,1.3337044,2016-03-09,20:56:29.69
21.437,0.24516624,0.32361946,-2.4810824,2016-03-09,20:56:29.758
21.504,2.0397832,0.32361946,-9.92433,2016-03-09,20:56:29.825
21.517,2.0397832,0.17651969,-9.92433,2016-03-09,20:56:29.838
21.584,9.306511,2.6379888,-14.513842,2016-03-09,20:56:29.905
21.654,17.759842,6.4821954,-13.209558,2016-03-09,20:56:29.975
21.722,18.662054,6.4821954,-0.70607877,2016-03-09,20:56:30.043
21.735,18.662054,8.600431,-0.70607877,2016-03-09,20:56:30.056
21.796,14.660941,8.13952,3.275421,2016-03-09,20:56:30.117
21.878,11.189387,7.5118937,4.4620256,2016-03-09,20:56:30.199
21.946,7.953193,4.8935184,5.462304,2016-03-09,20:56:30.267
22.014,4.0795665,4.8935184,5.060231,2016-03-09,20:56:30.335
22.027,4.0795665,3.7657535,5.060231,2016-03-09,20:56:30.348
22.094,3.0302548,3.5205872,3.3636808,2016-03-09,20:56:30.415
22.162,1.4513842,2.4026291,0.37265268,2016-03-09,20:56:30.483
22.24,-0.8041453,-0.78453195,-1.6867437,2016-03-09,20:56:30.561
22.308,2.8733485,-1.539644,-14.641328,2016-03-09,20:56:30.629
22.382,6.864655,2.4516625,-16.406525,2016-03-09,20:56:30.703
22.451,14.543262,3.8834333,-14.670748,2016-03-09,20:56:30.772
22.529,17.50487,6.109543,-5.187718,2016-03-09,20:56:30.85
22.596,19.52504,8.257199,-3.000835,2016-03-09,20:56:30.917
22.675,16.131939,6.1389627,1.2552512,2016-03-09,20:56:30.996
22.742,9.492837,2.7360554,3.3538742,2016-03-09,20:56:31.063
22.82,2.6968286,1.0395049,3.5402005,2016-03-09,20:56:31.141
22.891,-0.69627213,1.0100849,2.5006957,2016-03-09,20:56:31.212
22.959,-0.26477954,0.12748645,0.6276256,2016-03-09,20:56:31.28
23.038,0.61781895,-0.5001391,-5.746697,2016-03-09,20:56:31.359
23.106,10.963835,0.28439283,-17.661776,2016-03-09,20:56:31.427
23.184,13.327237,2.5889556,-14.935528,2016-03-09,20:56:31.505
23.251,16.710531,4.2658925,-7.8845463,2016-03-09,20:56:31.572
23.33,19.005287,6.6587152,0.55897903,2016-03-09,20:56:31.651
23.401,14.052929,7.1882744,5.0308113,2016-03-09,20:56:31.722
23.469,9.218251,5.1975245,6.717555,2016-03-09,20:56:31.79
23.548,6.0605097,3.9324665,4.0991797,2016-03-09,20:56:31.869
23.615,3.9422731,2.010363,1.6965504,2016-03-09,20:56:31.936
23.694,0.14709975,0.40207264,-0.88259846,2016-03-09,20:56:32.015
23.761,2.2751427,-2.657602,-3.6186538,2016-03-09,20:56:32.082
23.839,8.845598,-0.951245,-18.044235,2016-03-09,20:56:32.16
23.911,8.708305,0.8237586,-15.13166,2016-03-09,20:56:32.232
23.983,10.777508,2.2849493,-9.54187,2016-03-09,20:56:32.304
24.053,19.52504,7.482474,-5.0308113,2016-03-09,20:56:32.374
24.132,14.425582,6.913688,8.276813,2016-03-09,20:56:32.453
24.2,9.110377,5.3053975,7.678607,2016-03-09,20:56:32.521
24.268,3.6873002,3.000835,4.9719715,2016-03-09,20:56:32.589
24.347,0.2353596,2.7066352,0.8237586,2016-03-09,20:56:32.668
24.414,0.35303938,2.2064962,0.2157463,2016-03-09,20:56:32.735
24.488,1.4415776,1.2552512,-1.9711366,2016-03-09,20:56:32.809
24.566,5.217138,1.7848103,-7.864933,2016-03-09,20:56:32.887
24.634,10.963835,4.0109196,-13.660663,2016-03-09,20:56:32.955
24.712,13.739117,4.481639,-13.40569,2016-03-09,20:56:33.033
24.78,15.13166,5.599597,-5.491724,2016-03-09,20:56:33.101
24.858,17.485256,7.943386,-1.7553903,2016-03-09,20:56:33.179
24.925,13.58221,7.305954,4.4424124,2016-03-09,20:56:33.246
25.003,8.963278,6.364516,4.7660317,2016-03-09,20:56:33.324
25.078,5.6388235,5.187718,3.167548,2016-03-09,20:56:33.399
25.145,3.3440676,3.5402005,1.9417167,2016-03-09,20:56:33.466
25.213,1.7161638,2.2359161,0.39226598,2016-03-09,20:56:33.534
25.292,1.2552512,1.0591182,-2.5693421,2016-03-09,20:56:33.613
25.359,4.6091256,2.1476562,-6.6292953,2016-03-09,20:56:33.68
25.438,8.816178,3.8834333,-10.728475,2016-03-09,20:56:33.759
25.505,11.29726,4.6385455,-14.101962,2016-03-09,20:56:33.826
25.584,14.092155,3.9226599,-10.904995,2016-03-09,20:56:33.905
25.656,14.945334,5.550564,-7.423634,2016-03-09,20:56:33.977
25.723,18.03443,7.7472534,-3.5990405,2016-03-09,20:56:34.044
25.802,11.718946,7.256921,1.0885382,2016-03-09,20:56:34.123
25.869,6.129156,5.011198,2.7164419,2016-03-09,20:56:34.19
25.947,1.7946169,4.06976,0.8237586,2016-03-09,20:56:34.268
26.014,0.6766588,3.0890946,1.8338435,2016-03-09,20:56:34.335
26.093,2.4810824,1.0983448,-2.1476562,2016-03-09,20:56:34.414
26.163,4.736612,0.1372931,-7.58054,2016-03-09,20:56:34.484
26.236,2.853735,-0.8727918,-11.689527,2016-03-09,20:56:34.557
26.303,9.845877,1.4317709,-16.877245,2016-03-09,20:56:34.624
26.382,15.013981,5.462304,-12.787871,2016-03-09,20:56:34.703
26.449,19.0249,7.1784678,-7.1294346,2016-03-09,20:56:34.77
26.528,16.328072,8.767145,-2.745862,2016-03-09,20:56:34.849
26.595,10.954028,6.550842,2.7556686,2016-03-09,20:56:34.916
26.667,5.315204,4.530672,4.560092,2016-03-09,20:56:34.988
26.746,3.559814,3.0890946,2.991028,2016-03-09,20:56:35.067
26.826,0.6668522,1.6279038,0.6766588,2016-03-09,20:56:35.147
26.884,1.4317709,0.40207264,-0.26477954,2016-03-09,20:56:35.205
26.963,4.2953124,1.1964113,-7.590347,2016-03-09,20:56:35.284
27.031,7.100014,2.5791488,-18.103075,2016-03-09,20:56:35.352
27.112,9.139797,3.500974,-17.083183,2016-03-09,20:56:35.433
27.18,13.3174305,5.8349566,-11.140354,2016-03-09,20:56:35.501
27.257,19.52504,12.679998,-3.4323275,2016-03-09,20:56:35.578
27.325,14.808042,8.208166,-0.24516624,2016-03-09,20:56:35.646
27.393,6.335096,4.1384063,1.5494506,2016-03-09,20:56:35.714
27.472,2.5889556,2.7066352,2.1574628,2016-03-09,20:56:35.793
27.539,0.5982056,2.0005565,1.6475172,2016-03-09,20:56:35.86
27.621,0.60801226,1.343511,-0.5982056,2016-03-09,20:56:35.942
27.689,1.3533176,0.35303938,-6.4037423,2016-03-09,20:56:36.01
27.757,7.2961473,0.35303938,-12.984004,2016-03-09,20:56:36.078
27.772,7.2961473,3.2263877,-12.984004,2016-03-09,20:56:36.093
27.84,10.806928,6.0605097,-13.680277,2016-03-09,20:56:36.161
27.907,15.857352,8.472945,-12.258312,2016-03-09,20:56:36.228
27.986,17.32835,8.973084,-3.7755601,2016-03-09,20:56:36.307
28.053,14.494228,8.061066,2.3143694,2016-03-09,20:56:36.374
28.131,9.728196,7.0902076,3.7559469,2016-03-09,20:56:36.452
28.206,4.2658925,4.903325,3.471554,2016-03-09,20:56:36.527
28.273,2.1378496,2.4712758,4.903325,2016-03-09,20:56:36.594
28.342,2.0201697,1.3238977,0.951245,2016-03-09,20:56:36.663
28.42,3.2852278,1.706357,-5.315204,2016-03-09,20:56:36.741
28.493,3.5205872,2.853735,-9.698776,2016-03-09,20:56:36.814
28.561,8.620045,4.501252,-12.993811,2016-03-09,20:56:36.882
28.64,11.209001,6.688135,-13.6116295,2016-03-09,20:56:36.961
28.708,11.150161,7.7472534,-9.92433,2016-03-09,20:56:37.029
28.783,14.023509,7.7178335,-4.7464185,2016-03-09,20:56:37.104
28.85,13.160524,8.051259,0.89240515,2016-03-09,20:56:37.171
28.929,9.80665,7.384407,1.7651969,2016-03-09,20:56:37.25
28.997,6.550842,6.0703163,1.7848103,2016-03-09,20:56:37.318
29.07,3.2656143,5.0013914,1.0296983,2016-03-09,20:56:37.391
29.149,1.6769371,2.745862,1.1375713,2016-03-09,20:56:37.47
29.222,-0.2745862,1.1669914,0.0,2016-03-09,20:56:37.543
29.29,4.0795665,1.2160245,-6.5998755,2016-03-09,20:56:37.611
29.368,6.129156,4.452219,-11.503201,2016-03-09,20:56:37.689
29.436,8.698499,7.031368,-14.023509,2016-03-09,20:56:37.757
29.515,15.3964405,9.473224,-12.071986,2016-03-09,20:56:37.836
29.583,15.729866,9.845877,-5.7565036,2016-03-09,20:56:37.904
29.661,12.915358,9.120184,1.4023509,2016-03-09,20:56:37.982
29.732,9.041731,7.913966,2.2555294,2016-03-09,20:56:38.053
29.8,4.177633,5.8349566,2.432049,2016-03-09,20:56:38.121
29.878,1.7651969,3.6186538,2.8929617,2016-03-09,20:56:38.199
29.945,1.6573238,2.3437893,1.4023509,2016-03-09,20:56:38.266
30.023,2.6772153,2.608569,-2.432049,2016-03-09,20:56:38.344
30.091,5.011198,4.344346,-7.8845463,2016-03-09,20:56:38.412
30.169,6.6292953,4.844485,-10.600988,2016-03-09,20:56:38.49
30.239,8.306232,5.4328837,-8.404299,2016-03-09,20:56:38.56
30.315,9.826263,4.6875787,-5.8937964,2016-03-09,20:56:38.636
30.383,5.089651,0.70607877,-0.049033247,2016-03-09,20:56:38.704
30.461,4.4129925,0.1569064,-0.4118793,2016-03-09,20:56:38.782
30.529,7.678607,-0.88259846,-1.9417167,2016-03-09,20:56:38.85
30.607,13.05265,-1.7553903,-2.324176,2016-03-09,20:56:38.928
30.677,14.915915,-1.5984839,-3.5205872,2016-03-09,20:56:38.998
30.744,14.278482,-1.4906107,-5.207331,2016-03-09,20:56:39.065
30.817,12.699612,-1.4906107,-1.6279038,2016-03-09,20:56:39.138
30.831,12.699612,-2.324176,-1.6279038,2016-03-09,20:56:39.152
30.899,11.748366,-2.7654753,-3.2656143,2016-03-09,20:56:39.22
30.966,10.630408,-2.9223816,-3.1381278,2016-03-09,20:56:39.287
31.044,9.443804,-3.8245933,-2.1084297,2016-03-09,20:56:39.365
31.112,9.090764,-4.344346,-1.6082906,2016-03-09,20:56:39.433
31.19,8.365072,-4.4424124,-1.8142302,2016-03-09,20:56:39.511
31.259,7.7962866,-4.677772,-1.372931,2016-03-09,20:56:39.58
31.336,7.9924197,-4.8542914,-0.5393657,2016-03-09,20:56:39.657
31.405,7.9041595,-4.5993185,-0.35303938,2016-03-09,20:56:39.726
31.472,8.247393,-4.5698986,-0.5295591,2016-03-09,20:56:39.793
31.55,8.257199,-4.422799,-0.951245,2016-03-09,20:56:39.871
31.618,8.512172,-4.5502853,-0.75511205,2016-03-09,20:56:39.939
31.696,8.688692,-4.4424124,-1.1277647,2016-03-09,20:56:40.017
31.763,8.757339,-4.275699,-1.3140911,2016-03-09,20:56:40.084
31.845,8.933858,-4.2658925,-1.4513842,2016-03-09,20:56:40.166
31.913,8.757339,-4.2462792,-1.1964113,2016-03-09,20:56:40.234
31.991,8.982891,-4.2953124,-1.1571847,2016-03-09,20:56:40.312
32.058,10.522535,-3.5303938,-2.0299766,2016-03-09,20:56:40.379
32.137,13.288011,-2.9616082,-1.2258313,2016-03-09,20:56:40.458
32.205,12.856518,-3.334261,-0.22555295,2016-03-09,20:56:40.526
32.282,8.521978,-1.6965504,5.374044,2016-03-09,20:56:40.603
32.359,4.6973853,-2.5595355,7.8159,2016-03-09,20:56:40.68
32.428,2.010363,-2.3339827,7.4138274,2016-03-09,20:56:40.749
32.495,1.2258313,-0.89240515,7.109821,2016-03-09,20:56:40.816
32.573,1.2748644,0.44129923,7.384407,2016-03-09,20:56:40.894
32.641,1.2650578,1.0983448,7.6295733,2016-03-09,20:56:40.962
32.709,0.5099458,1.0983448,8.3846855,2016-03-09,20:56:41.03
32.722,0.5099458,2.128043,8.3846855,2016-03-09,20:56:41.043
32.789,1.2062179,2.4026291,8.580818,2016-03-09,20:56:41.11
32.856,1.7750036,2.7948952,8.816178,2016-03-09,20:56:41.177
32.931,1.7946169,2.7262487,9.139797,2016-03-09,20:56:41.252
33.005,0.7649187,2.186883,9.15941,2016-03-09,20:56:41.326
33.083,1.176798,2.3045628,8.982891,2016-03-09,20:56:41.404
