0.046,2.991028,-0.48052585,9.394771,2016-03-09,21:02:02.176
0.076,2.991028,-0.5491724,9.394771,2016-03-09,21:02:02.206
0.14,2.9714148,-0.46091253,9.375157,2016-03-09,21:02:02.27
0.187,3.0989013,-0.5491724,9.296704,2016-03-09,21:02:02.317
0.258,3.1479347,-0.44129923,9.345737,2016-03-09,21:02:02.388
0.332,5.4524975,0.42168593,12.542705,2016-03-09,21:02:02.462
0.415,9.7183895,-1.6475172,16.01426,2016-03-09,21:02:02.545
0.489,-7.60996,-3.5696206,8.776952,2016-03-09,21:02:02.619
0.564,-2.853735,0.40207264,-0.06864655,2016-03-09,21:02:02.694
0.634,-4.403186,-0.5491724,2.1574628,2016-03-09,21:02:02.764
0.704,-2.2359161,-1.9515233,9.090764,2016-03-09,21:02:02.834
0.784,-0.2549729,-0.9120184,10.895188,2016-03-09,21:02:02.914
0.853,1.5102241,-0.5393657,10.777508,2016-03-09,21:02:02.983
0.934,1.9809432,0.0196133,9.816457,2016-03-09,21:02:03.064
1.01,2.441856,-1.0885382,11.954306,2016-03-09,21:02:03.14
1.083,2.991028,-0.3138128,8.992698,2016-03-09,21:02:03.213
1.154,2.5301156,-0.0588399,10.159689,2016-03-09,21:02:03.284
1.223,7.8551264,-0.55897903,6.4723887,2016-03-09,21:02:03.353
1.306,3.0204482,1.2258313,13.905829,2016-03-09,21:02:03.436
1.378,2.6477954,-2.4222424,16.239813,2016-03-09,21:02:03.508
1.453,-5.0013914,-1.9809432,4.903325,2016-03-09,21:02:03.583
1.519,-7.560927,0.9022118,1.3042845,2016-03-09,21:02:03.649
1.602,-2.5399222,-3.7853668,4.059953,2016-03-09,21:02:03.732
1.673,-1.706357,3.0989013,7.6295733,2016-03-09,21:02:03.803
1.744,0.18632634,-1.4023509,9.414384,2016-03-09,21:02:03.874
1.824,1.4023509,-2.0790098,12.042566,2016-03-09,21:02:03.954
1.897,2.687022,0.6668522,12.160246,2016-03-09,21:02:04.027
1.988,3.8540134,0.2745862,10.257755,2016-03-09,21:02:04.118
2.046,1.5494506,-1.9417167,12.258312,2016-03-09,21:02:04.176
2.121,0.49033248,0.30400613,8.8652115,2016-03-09,21:02:04.251
2.194,1.735777,-1.2160245,11.042288,2016-03-09,21:02:04.324
2.263,1.0198916,1.8338435,13.268397,2016-03-09,21:02:04.393
2.345,2.912575,-7.2373075,10.189109,2016-03-09,21:02:04.475
2.417,0.22555295,-0.83356524,10.689248,2016-03-09,21:02:04.547
2.493,-2.7066352,0.20593965,6.207609,2016-03-09,21:02:04.623
2.563,-2.6674087,-2.9812214,0.8727918,2016-03-09,21:02:04.693
2.634,-6.413549,1.1179581,6.5704556,2016-03-09,21:02:04.764
2.715,0.1569064,-3.4813607,11.159967,2016-03-09,21:02:04.845
2.784,-0.30400613,0.2353596,12.866324,2016-03-09,21:02:04.914
2.864,1.1866046,0.7747253,10.002783,2016-03-09,21:02:04.994
2.933,0.8237586,0.1176798,10.708861,2016-03-09,21:02:05.063
3.009,1.5004175,-0.24516624,10.012589,2016-03-09,21:02:05.139
3.086,1.9711366,1.0591182,9.228058,2016-03-09,21:02:05.216
3.166,3.6088471,-0.83356524,11.012868,2016-03-09,21:02:05.296
3.235,1.9515233,0.4314926,11.32668,2016-03-09,21:02:05.365
3.31,1.8338435,0.3138128,10.875574,2016-03-09,21:02:05.44
3.385,2.432049,0.6668522,13.866603,2016-03-09,21:02:05.515
3.46,-1.4121575,-0.61781895,12.729032,2016-03-09,21:02:05.59
3.53,-2.1378496,-2.432049,3.5696206,2016-03-09,21:02:05.66
3.603,-3.500974,1.2650578,1.4023509,2016-03-09,21:02:05.733
3.674,-5.2857842,0.38245934,8.845598,2016-03-09,21:02:05.804
3.754,-1.0002782,0.2157463,10.228335,2016-03-09,21:02:05.884
3.824,-0.8629852,0.00980665,9.992976,2016-03-09,21:02:05.954
3.904,0.44129923,0.36284605,8.953471,2016-03-09,21:02:06.034
3.999,0.9120184,0.46091253,9.89491,2016-03-09,21:02:06.129
4.06,3.0694814,-1.1277647,11.405133,2016-03-09,21:02:06.19
4.126,4.001113,-1.7848103,10.679441,2016-03-09,21:02:06.256
4.199,3.000835,-0.5393657,10.189109,2016-03-09,21:02:06.329
4.271,2.0888164,-1.6082906,10.659828,2016-03-09,21:02:06.401
4.348,3.7951734,-1.1375713,12.660385,2016-03-09,21:02:06.478
4.421,4.285506,-0.8531785,16.916471,2016-03-09,21:02:06.551
4.497,-3.383294,-3.108708,5.374044,2016-03-09,21:02:06.627
4.57,-3.6480737,-0.5393657,-1.0395049,2016-03-09,21:02:06.7
4.642,-4.883712,0.8139519,5.88399,2016-03-09,21:02:06.772
4.719,-3.1479347,-0.6472389,9.581097,2016-03-09,21:02:06.849
4.792,-1.0787314,-3.0989013,9.296704,2016-03-09,21:02:06.922
4.87,0.0,-0.0196133,10.551955,2016-03-09,21:02:07.0
4.987,2.432049,-2.8047018,11.493394,2016-03-09,21:02:07.117
5.035,3.334261,-0.088259846,9.375157,2016-03-09,21:02:07.165
5.094,4.0501466,-0.2353596,10.042009,2016-03-09,21:02:07.224
5.164,2.6477954,0.32361946,9.326124,2016-03-09,21:02:07.294
5.233,3.2656143,0.32361946,8.973084,2016-03-09,21:02:07.363
5.249,3.2656143,-0.1372931,8.973084,2016-03-09,21:02:07.379
5.317,6.5704556,0.0,12.03276,2016-03-09,21:02:07.447
5.39,4.030533,-0.14709975,12.375992,2016-03-09,21:02:07.52
5.465,1.7455837,-1.2258313,13.454723,2016-03-09,21:02:07.595
5.531,1.1571847,-1.2062179,11.689527,2016-03-09,21:02:07.661
5.614,-2.4516625,0.0784532,5.6878567,2016-03-09,21:02:07.744
5.683,-3.4225209,-0.46091253,0.70607877,2016-03-09,21:02:07.813
5.753,-4.9719715,-0.46091253,2.5987623,2016-03-09,21:02:07.883
5.769,-4.9719715,-0.8629852,2.5987623,2016-03-09,21:02:07.899
5.858,-3.8540134,0.69627213,9.286898,2016-03-09,21:02:07.988
5.91,1.2650578,-0.93163174,13.072264,2016-03-09,21:02:08.04
5.989,3.9422731,-1.9122967,11.179581,2016-03-09,21:02:08.119
6.051,3.1871612,-1.9122967,9.973363,2016-03-09,21:02:08.181
6.069,3.1871612,-0.8041453,9.973363,2016-03-09,21:02:08.199
6.135,7.4628606,-1.147378,10.424469,2016-03-09,21:02:08.265
6.207,3.559814,0.0,6.9627213,2016-03-09,21:02:08.337
6.28,6.590069,-1.0493115,12.660385,2016-03-09,21:02:08.41
6.357,1.7553903,1.2944778,11.032481,2016-03-09,21:02:08.487
6.43,2.441856,-1.5788707,12.6505785,2016-03-09,21:02:08.56
6.506,-2.0201697,-1.2356379,12.474058,2016-03-09,21:02:08.636
6.578,-1.9613299,-1.7259704,3.6186538,2016-03-09,21:02:08.708
6.651,-5.79573,0.32361946,0.16671304,2016-03-09,21:02:08.781
6.728,-3.7657535,-0.93163174,5.393657,2016-03-09,21:02:08.858
6.817,-2.7164419,-1.4023509,10.208722,2016-03-09,21:02:08.947
6.875,2.3830159,-0.2549729,12.572125,2016-03-09,21:02:09.005
6.953,3.4225209,-0.06864655,12.934971,2016-03-09,21:02:09.083
7.024,4.6973853,-1.6573238,9.60071,2016-03-09,21:02:09.154
7.093,3.0694814,0.51975244,9.061344,2016-03-09,21:02:09.223
7.174,4.1089864,-0.14709975,11.189387,2016-03-09,21:02:09.304
7.243,3.5892339,-0.1372931,10.699055,2016-03-09,21:02:09.373
7.314,3.5892339,-0.1372931,13.807763,2016-03-09,21:02:09.444
7.329,3.8540134,0.70607877,13.807763,2016-03-09,21:02:09.459
7.395,2.8733485,-1.8828768,16.033873,2016-03-09,21:02:09.525
7.47,-4.628739,-0.14709975,7.590347,2016-03-09,21:02:09.6
7.543,-1.8632635,0.70607877,1.9221034,2016-03-09,21:02:09.673
7.619,-6.550842,-1.0198916,3.2361944,2016-03-09,21:02:09.749
7.692,-3.0596747,-1.0885382,8.296426,2016-03-09,21:02:09.822
7.786,-0.39226598,0.37265268,9.561483,2016-03-09,21:02:09.916
7.847,2.6772153,0.5393657,10.816734,2016-03-09,21:02:09.977
7.917,2.6772153,-1.93191,12.326959,2016-03-09,21:02:10.047
7.993,3.9913065,-0.7747253,9.502644,2016-03-09,21:02:10.123
8.063,4.4424124,-1.4611908,8.982891,2016-03-09,21:02:10.193
8.133,4.0991797,1.1571847,9.86549,2016-03-09,21:02:10.263
8.214,3.2361944,0.4314926,9.973363,2016-03-09,21:02:10.344
8.283,5.2759776,1.5690639,11.552234,2016-03-09,21:02:10.413
8.364,6.266449,0.049033247,14.494228,2016-03-09,21:02:10.494
8.437,0.2157463,-1.4219642,13.062457,2016-03-09,21:02:10.567
8.514,-1.4611908,0.24516624,8.119906,2016-03-09,21:02:10.644
8.583,-1.0885382,0.0588399,1.5690639,2016-03-09,21:02:10.713
8.653,-8.423912,0.92182505,-0.56878567,2016-03-09,21:02:10.783
8.734,-2.3437893,-0.44129923,5.7565036,2016-03-09,21:02:10.864
8.819,-0.5001391,0.0,8.345459,2016-03-09,21:02:10.949
8.887,-2.2555294,-0.2745862,19.6133,2016-03-09,21:02:11.017
8.958,6.5312285,-0.5001391,7.100014,2016-03-09,21:02:11.088
9.031,2.853735,-0.2745862,9.92433,2016-03-09,21:02:11.161
9.103,2.1084297,-0.46091253,9.384964,2016-03-09,21:02:11.233
9.184,2.4222424,0.19613299,9.326124,2016-03-09,21:02:11.314
9.253,3.1773546,0.17651969,11.120741,2016-03-09,21:02:11.383
9.324,3.9520798,0.2353596,12.964391,2016-03-09,21:02:11.454
9.404,2.5595355,-2.3143694,14.935528,2016-03-09,21:02:11.534
9.483,-1.6573238,-0.69627213,10.032203,2016-03-09,21:02:11.613
9.553,-0.588399,-2.8145084,3.697107,2016-03-09,21:02:11.683
9.634,-4.324733,0.92182505,2.0005565,2016-03-09,21:02:11.764
9.704,-7.256921,-0.2941995,2.9616082,2016-03-09,21:02:11.834
9.803,-1.6671305,0.18632634,9.247671,2016-03-09,21:02:11.933
9.862,2.520309,-1.0002782,12.00334,2016-03-09,21:02:11.992
9.921,5.403464,0.12748645,14.562875,2016-03-09,21:02:12.051
9.999,4.403186,1.5592573,8.894631,2016-03-09,21:02:12.129
10.073,5.0013914,-2.4712758,10.247949,2016-03-09,21:02:12.203
10.143,1.9809432,2.5105023,7.835513,2016-03-09,21:02:12.273
10.225,5.4819174,0.46091253,11.375713,2016-03-09,21:02:12.355
10.297,4.7954516,-0.0196133,10.659828,2016-03-09,21:02:12.427
10.37,6.0703163,-0.8139519,12.993811,2016-03-09,21:02:12.5
10.447,2.5889556,-2.9616082,15.778899,2016-03-09,21:02:12.577
10.525,-1.2650578,-1.3631244,7.7766733,2016-03-09,21:02:12.655
10.598,-3.108708,0.42168593,0.19613299,2016-03-09,21:02:12.728
10.67,-5.393657,2.520309,-0.7649187,2016-03-09,21:02:12.8
10.736,-3.7069137,2.520309,9.218251,2016-03-09,21:02:12.866
10.769,-3.7069137,-1.7848103,9.218251,2016-03-09,21:02:12.899
10.821,-0.74530536,-0.8727918,10.787314,2016-03-09,21:02:12.951
10.888,4.7660317,-0.74530536,13.337044,2016-03-09,21:02:13.018
10.971,6.0703163,-2.9812214,10.375436,2016-03-09,21:02:13.101
11.044,5.344624,2.432049,9.845877,2016-03-09,21:02:13.174
11.113,2.4516625,-0.1569064,7.6884136,2016-03-09,21:02:13.243
11.183,3.5107806,0.57859236,11.209001,2016-03-09,21:02:13.313
11.264,5.2857842,0.40207264,10.002783,2016-03-09,21:02:13.394
11.337,5.187718,0.6374322,11.307067,2016-03-09,21:02:13.467
11.425,9.384964,-1.6279038,14.464808,2016-03-09,21:02:13.555
11.489,-1.4611908,-3.5402005,11.454167,2016-03-09,21:02:13.619
11.562,-1.6475172,1.93191,7.1882744,2016-03-09,21:02:13.692
11.633,-1.3533176,1.735777,-0.57859236,2016-03-09,21:02:13.763
11.709,-10.708861,-0.22555295,-2.3143694,2016-03-09,21:02:13.839
11.797,-2.1672697,1.8828768,9.15941,2016-03-09,21:02:13.927
11.86,2.4222424,-1.8044236,12.542705,2016-03-09,21:02:13.99
11.936,9.179024,-8.276813,13.042844,2016-03-09,21:02:14.066
12.012,4.883712,3.7461402,7.472667,2016-03-09,21:02:14.142
12.079,3.7951734,-2.745862,9.522257,2016-03-09,21:02:14.209
12.152,5.3642373,1.4611908,10.032203,2016-03-09,21:02:14.282
12.234,3.6774936,0.55897903,10.0910425,2016-03-09,21:02:14.364
12.303,6.354709,0.4314926,10.934415,2016-03-09,21:02:14.433
12.374,9.414384,0.4314926,14.955141,2016-03-09,21:02:14.504
12.389,9.414384,-1.7161638,14.955141,2016-03-09,21:02:14.519
12.457,1.5788707,1.1081514,14.915915,2016-03-09,21:02:14.587
12.529,-3.2263877,-6.2468357,3.3244543,2016-03-09,21:02:14.659
12.602,-2.4516625,2.6379888,-9.120184,2016-03-09,21:02:14.732
12.679,-10.110656,1.0296983,4.9719715,2016-03-09,21:02:14.809
12.767,-3.2950344,-0.6668522,7.2176943,2016-03-09,21:02:14.897
12.825,5.746697,-1.7259704,12.523091,2016-03-09,21:02:14.955
12.901,11.101128,1.7455837,16.583044,2016-03-09,21:02:15.031
12.976,6.1683826,-1.4023509,6.217416,2016-03-09,21:02:15.106
13.045,3.667687,1.9417167,10.120462,2016-03-09,21:02:15.175
13.123,3.0106416,1.5592573,8.159133,2016-03-09,21:02:15.253
13.193,4.118793,1.1964113,10.071429,2016-03-09,21:02:15.323
13.274,4.275699,0.5295591,10.532342,2016-03-09,21:02:15.404
13.344,11.76798,-0.6374322,10.336209,2016-03-09,21:02:15.474
13.424,5.6388235,-0.2353596,13.091877,2016-03-09,21:02:15.554
13.497,-3.9422731,2.4516625,14.837461,2016-03-09,21:02:15.627
13.57,1.1866046,-3.2950344,0.6766588,2016-03-09,21:02:15.7
13.642,-5.423077,1.2258313,0.6766588,2016-03-09,21:02:15.772
13.713,-8.100293,1.2258313,2.2555294,2016-03-09,21:02:15.843
13.744,-8.100293,1.0983448,2.2555294,2016-03-09,21:02:15.874
13.796,-0.79433864,-2.4712758,11.375713,2016-03-09,21:02:15.926
13.873,3.3146477,3.0106416,11.973919,2016-03-09,21:02:16.003
13.941,8.453332,2.1476562,12.523091,2016-03-09,21:02:16.071
14.018,6.688135,-2.7654753,10.257755,2016-03-09,21:02:16.148
14.09,3.9030466,1.3140911,8.257199,2016-03-09,21:02:16.22
14.167,3.5892339,0.65704554,9.551677,2016-03-09,21:02:16.297
14.24,3.412714,-0.1372931,9.2378645,2016-03-09,21:02:16.37
14.312,3.4617474,0.7354987,10.228335,2016-03-09,21:02:16.442
14.389,10.179302,1.1964113,16.641884,2016-03-09,21:02:16.519
14.464,3.5990405,0.049033247,13.072264,2016-03-09,21:02:16.594
14.533,-1.8926834,-4.197246,8.129713,2016-03-09,21:02:16.663
14.617,0.588399,-0.34323275,2.657602,2016-03-09,21:02:16.747
14.695,-6.7567816,-0.7649187,-3.5107806,2016-03-09,21:02:16.825
14.789,-6.7077484,-0.36284605,4.059953,2016-03-09,21:02:16.919
14.841,-5.0798445,0.00980665,4.8935184,2016-03-09,21:02:16.971
14.913,8.924051,-1.3337044,16.641884,2016-03-09,21:02:17.043
14.98,8.924051,-1.3337044,10.257755,2016-03-09,21:02:17.11
14.998,14.052929,-0.38245934,10.257755,2016-03-09,21:02:17.128
15.057,6.305676,0.16671304,6.6489086,2016-03-09,21:02:17.187
15.134,2.0593965,-0.3334261,10.218529,2016-03-09,21:02:17.264
15.208,3.971693,0.2157463,8.423912,2016-03-09,21:02:17.338
15.28,2.9223816,-0.49033248,9.9047165,2016-03-09,21:02:17.41
15.353,2.5105023,-0.2353596,10.130269,2016-03-09,21:02:17.483
15.43,10.561762,-0.24516624,12.876131,2016-03-09,21:02:17.56
15.507,3.8344,-0.9022118,13.748923,2016-03-09,21:02:17.637
15.58,-2.3045628,-2.010363,8.953471,2016-03-09,21:02:17.71
15.655,0.6766588,0.1372931,3.6774936,2016-03-09,21:02:17.785
15.739,-6.825428,-0.97085834,-0.06864655,2016-03-09,21:02:17.869
15.808,-5.8055367,0.39226598,3.8147867,2016-03-09,21:02:17.938
15.88,-1.2160245,1.4317709,8.080679,2016-03-09,21:02:18.01
15.955,15.112047,-2.294756,19.6133,2016-03-09,21:02:18.085
16.029,6.6489086,1.1081514,3.2656143,2016-03-09,21:02:18.159
16.101,0.8531785,3.5990405,10.777508,2016-03-09,21:02:18.231
16.174,1.176798,-2.3634026,8.600431,2016-03-09,21:02:18.304
16.243,4.0991797,-0.22555295,10.395049,2016-03-09,21:02:18.373
16.326,3.9618864,1.2258313,9.120184,2016-03-09,21:02:18.456
16.4,0.78453195,2.8047018,10.797121,2016-03-09,21:02:18.53
16.475,6.2860627,1.4317709,14.317709,2016-03-09,21:02:18.605
16.547,0.19613299,1.0591182,13.680277,2016-03-09,21:02:18.677
16.62,-3.1185145,-2.5889556,7.60996,2016-03-09,21:02:18.75
16.72,-4.5993185,1.4317709,1.5102241,2016-03-09,21:02:18.85
16.77,-5.011198,3.550007,-5.7270837,2016-03-09,21:02:18.9
16.846,4.4129925,-2.2555294,12.523091,2016-03-09,21:02:18.976
16.919,-7.7472534,3.971693,19.073935,2016-03-09,21:02:19.049
16.996,2.5693421,-0.1176798,13.896023,2016-03-09,21:02:19.126
17.069,-0.8727918,0.55897903,7.58054,2016-03-09,21:02:19.199
17.146,-2.0201697,-0.1569064,6.8450418,2016-03-09,21:02:19.276
17.214,-1.2062179,0.61781895,9.433997,2016-03-09,21:02:19.344
17.294,-0.32361946,-0.0196133,9.375157,2016-03-09,21:02:19.424
17.364,0.4511059,0.92182505,10.140076,2016-03-09,21:02:19.494
17.433,4.324733,0.92182505,13.444917,2016-03-09,21:02:19.563
17.52,6.2566423,-0.48052585,15.8769655,2016-03-09,21:02:19.65
17.582,2.4810824,-0.48052585,18.161915,2016-03-09,21:02:19.712
17.599,2.4810824,0.65704554,18.161915,2016-03-09,21:02:19.729
17.678,-1.90249,0.0588399,3.7363336,2016-03-09,21:02:19.808
17.74,-1.0591182,-1.5102241,-4.0403395,2016-03-09,21:02:19.87
17.816,-5.67805,3.0106416,1.6671305,2016-03-09,21:02:19.946
17.887,-7.678607,0.97085834,8.119906,2016-03-09,21:02:20.017
17.956,2.5006957,-0.06864655,10.022396,2016-03-09,21:02:20.086
18.031,-2.0692031,-2.0495899,19.6133,2016-03-09,21:02:20.161
18.111,7.806093,1.0100849,3.049868,2016-03-09,21:02:20.241
18.183,-2.3634026,-0.4707192,11.012868,2016-03-09,21:02:20.313
18.254,2.0299766,-0.1569064,9.335931,2016-03-09,21:02:20.384
18.337,-0.34323275,0.12748645,10.591182,2016-03-09,21:02:20.467
18.407,2.3634026,0.16671304,11.866046,2016-03-09,21:02:20.537
18.483,0.4118793,0.5393657,12.984004,2016-03-09,21:02:20.613
18.553,-5.0210047,-0.9414384,15.16108,2016-03-09,21:02:20.683
18.624,-3.6088471,0.00980665,7.5217004,2016-03-09,21:02:20.754
18.72,-0.83356524,0.4314926,1.5984839,2016-03-09,21:02:20.85
18.777,-2.8439283,-0.12748645,0.49033248,2016-03-09,21:02:20.907
18.854,-8.659272,-0.16671304,8.551398,2016-03-09,21:02:20.984
18.923,2.1770763,0.088259846,11.061901,2016-03-09,21:02:21.053
18.997,-1.0591182,3.1969678,13.75873,2016-03-09,21:02:21.127
19.07,4.8052583,3.4911673,11.032481,2016-03-09,21:02:21.2
19.153,-2.432049,0.65704554,8.708305,2016-03-09,21:02:21.283
19.227,-1.1179581,0.8531785,8.747532,2016-03-09,21:02:21.357
19.3,1.3140911,1.3533176,9.77723,2016-03-09,21:02:21.43
19.373,-2.2457228,0.0,10.591182,2016-03-09,21:02:21.503
19.447,1.0198916,1.8338435,15.847546,2016-03-09,21:02:21.577
19.519,-1.6180972,1.7651969,15.229727,2016-03-09,21:02:21.649
19.591,-1.90249,1.5200307,7.982613,2016-03-09,21:02:21.721
19.663,0.00980665,0.098066494,-0.6276256,2016-03-09,21:02:21.793
19.76,-6.2958694,0.8531785,-0.8237586,2016-03-09,21:02:21.89
19.818,-11.032481,-2.6772153,14.964948,2016-03-09,21:02:21.948
19.894,-0.46091253,1.1375713,5.629017,2016-03-09,21:02:22.024
19.966,1.6867437,2.9518015,10.797121,2016-03-09,21:02:22.096
20.039,1.4513842,2.7360554,14.513842,2016-03-09,21:02:22.169
20.111,3.8540134,1.0198916,12.444638,2016-03-09,21:02:22.241
20.188,-0.06864655,2.4516625,8.580818,2016-03-09,21:02:22.318
20.263,-0.6766588,0.951245,9.973363,2016-03-09,21:02:22.393
20.341,0.9904716,1.2748644,9.4241905,2016-03-09,21:02:22.471
20.411,-1.1866046,0.9022118,10.179302,2016-03-09,21:02:22.541
20.486,1.7848103,1.2650578,10.434276,2016-03-09,21:02:22.616
20.559,2.2064962,-0.6374322,11.38552,2016-03-09,21:02:22.689
20.631,3.9030466,-0.8237586,14.464808,2016-03-09,21:02:22.761
20.703,2.0790098,2.7066352,14.209835,2016-03-09,21:02:22.833
20.8,-3.3244543,-1.2160245,4.6189322,2016-03-09,21:02:22.93
20.858,-3.5990405,-1.4219642,1.8534569,2016-03-09,21:02:22.988
20.934,-4.883712,0.12748645,2.4026291,2016-03-09,21:02:23.064
21.009,-4.3149257,-2.3732092,6.5116153,2016-03-09,21:02:23.139
21.081,-1.3827376,0.20593965,10.385242,2016-03-09,21:02:23.211
21.153,2.4124358,2.7262487,12.415218,2016-03-09,21:02:23.283
21.223,4.9719715,2.4614692,12.317152,2016-03-09,21:02:23.353
21.305,0.98066497,0.5099458,11.395327,2016-03-09,21:02:23.435
21.378,-0.1372931,0.1569064,8.973084,2016-03-09,21:02:23.508
21.457,0.4511059,0.6276256,9.60071,2016-03-09,21:02:23.587
21.529,0.69627213,0.18632634,10.767701,2016-03-09,21:02:23.659
21.602,6.1487694,3.2852278,14.317709,2016-03-09,21:02:23.732
21.669,2.3732092,-2.5791488,13.67047,2016-03-09,21:02:23.799
21.752,-4.8248715,-3.1577413,6.521422,2016-03-09,21:02:23.882
21.839,-4.4718323,2.5595355,2.8733485,2016-03-09,21:02:23.969
21.897,-4.589512,-4.530672,-4.5698986,2016-03-09,21:02:24.027
21.976,-5.746697,0.3334261,6.7567816,2016-03-09,21:02:24.106
22.049,-2.0397832,-0.74530536,11.542427,2016-03-09,21:02:24.179
22.121,6.550842,1.5592573,16.122131,2016-03-09,21:02:24.251
22.198,3.0400615,0.14709975,10.914802,2016-03-09,21:02:24.328
22.27,2.3143694,-0.5295591,9.747809,2016-03-09,21:02:24.4
22.346,-0.36284605,-1.2748644,8.747532,2016-03-09,21:02:24.476
22.414,-0.18632634,-0.8237586,9.590903,2016-03-09,21:02:24.544
22.498,0.16671304,-0.1176798,9.728196,2016-03-09,21:02:24.628
22.559,-0.088259846,-0.1176798,10.0910425,2016-03-09,21:02:24.689
22.578,-0.088259846,0.60801226,10.0910425,2016-03-09,21:02:24.708
22.644,-1.5494506,-0.55897903,10.061623,2016-03-09,21:02:24.774
22.713,4.589512,-0.2745862,14.915915,2016-03-09,21:02:24.843
22.785,3.0302548,-1.1179581,14.690361,2016-03-09,21:02:24.915
22.861,-2.7360554,-2.687022,9.845877,2016-03-09,21:02:24.991
22.934,-1.5984839,2.3928225,5.3348174,2016-03-09,21:02:25.064
23.009,-4.834678,-4.403186,-0.9022118,2016-03-09,21:02:25.139
23.081,-5.3544307,1.5592573,4.2953124,2016-03-09,21:02:25.211
23.164,-3.8147867,-0.9022118,6.7567816,2016-03-09,21:02:25.294
23.23,3.9128532,2.0888164,15.141467,2016-03-09,21:02:25.36
23.303,4.560092,0.92182505,15.465087,2016-03-09,21:02:25.433
23.381,5.1092644,-1.2258313,9.698776,2016-03-09,21:02:25.511
23.455,0.17651969,0.61781895,8.845598,2016-03-09,21:02:25.585
23.528,0.5982056,-0.0196133,8.963278,2016-03-09,21:02:25.658
23.6,0.78453195,-0.37265268,9.767424,2016-03-09,21:02:25.73
23.677,1.93191,0.65704554,11.218807,2016-03-09,21:02:25.807
23.766,8.16894,0.8237586,17.024343,2016-03-09,21:02:25.896
23.83,-0.6472389,0.8237586,14.150995,2016-03-09,21:02:25.96
23.839,-0.6472389,0.49033248,14.150995,2016-03-09,21:02:25.969
23.899,-3.2656143,-1.0002782,5.344624,2016-03-09,21:02:26.029
23.975,-0.7747253,2.186883,-2.1672697,2016-03-09,21:02:26.105
24.047,-10.130269,-0.37265268,0.75511205,2016-03-09,21:02:26.177
24.12,-6.354709,-3.1969678,1.5004175,2016-03-09,21:02:26.25
24.197,4.8542914,3.5990405,11.38552,2016-03-09,21:02:26.327
24.269,9.316318,7.7472534,19.6133,2016-03-09,21:02:26.399
24.356,2.7360554,-2.010363,4.8248715,2016-03-09,21:02:26.486
24.421,0.17651969,1.6671305,11.67972,2016-03-09,21:02:26.551
24.497,1.9711366,0.84337187,8.610238,2016-03-09,21:02:26.627
24.57,1.6475172,0.6472389,10.640215,2016-03-09,21:02:26.7
24.643,2.8145084,0.57859236,11.73856,2016-03-09,21:02:26.773
24.74,4.344346,0.06864655,12.885938,2016-03-09,21:02:26.87
24.798,-0.2157463,-1.5788707,14.239256,2016-03-09,21:02:26.928
24.874,0.70607877,-0.39226598,11.444361,2016-03-09,21:02:27.004
24.948,-1.1179581,1.9809432,3.5794272,2016-03-09,21:02:27.078
25.022,-7.58054,-3.3538742,-1.5788707,2016-03-09,21:02:27.152
25.091,-7.531507,-0.088259846,5.4328837,2016-03-09,21:02:27.221
25.163,-2.8341217,-3.0302548,9.355544,2016-03-09,21:02:27.293
25.244,2.490889,2.3830159,12.00334,2016-03-09,21:02:27.374
25.313,6.2566423,1.5494506,11.463974,2016-03-09,21:02:27.443
25.386,7.119628,1.5494506,1.7848103,2016-03-09,21:02:27.516
25.396,7.119628,-1.1866046,1.7848103,2016-03-09,21:02:27.526
25.464,1.9515233,1.1669914,7.080401,2016-03-09,21:02:27.594
25.533,-0.1176798,0.42168593,11.817013,2016-03-09,21:02:27.663
25.614,3.0989013,0.14709975,10.355823,2016-03-09,21:02:27.744
25.699,3.049868,1.0395049,12.601545,2016-03-09,21:02:27.829
25.756,1.7455837,1.0395049,13.170331,2016-03-09,21:02:27.886
25.772,1.7455837,-1.0885382,13.170331,2016-03-09,21:02:27.902
25.833,-0.6668522,2.1574628,9.394771,2016-03-09,21:02:27.963
25.914,-2.4026291,0.88259846,6.4723887,2016-03-09,21:02:28.044
25.986,-3.5696206,-0.0196133,4.2462792,2016-03-09,21:02:28.116
26.059,-4.726805,-0.44129923,2.0299766,2016-03-09,21:02:28.189
26.131,-4.530672,-0.71588546,8.541592,2016-03-09,21:02:28.261
26.208,-0.19613299,1.7651969,11.973919,2016-03-09,21:02:28.338
26.281,5.187718,1.3631244,12.336765,2016-03-09,21:02:28.411
26.353,3.8540134,0.19613299,11.9052725,2016-03-09,21:02:28.483
26.435,2.5791488,0.93163174,9.2378645,2016-03-09,21:02:28.565
26.506,1.3925443,-0.1569064,9.610517,2016-03-09,21:02:28.636
26.579,1.4415776,-0.12748645,9.071151,2016-03-09,21:02:28.709
26.676,1.2748644,0.28439283,9.943943,2016-03-09,21:02:28.806
26.729,4.5993185,0.36284605,12.454445,2016-03-09,21:02:28.859
26.806,6.7567816,-1.4023509,19.073935,2016-03-09,21:02:28.936
26.878,-3.5205872,0.48052585,6.266449,2016-03-09,21:02:29.008
26.957,-2.5105023,0.5393657,4.3541527,2016-03-09,21:02:29.087
27.029,-7.168661,-0.00980665,-0.79433864,2016-03-09,21:02:29.159
27.102,-3.6873002,-2.8929617,4.2462792,2016-03-09,21:02:29.232
27.168,-3.0204482,-1.0395049,11.6110735,2016-03-09,21:02:29.298
27.251,1.8436501,-0.0784532,11.218807,2016-03-09,21:02:29.381
27.323,2.128043,0.92182505,10.159689,2016-03-09,21:02:29.453
27.394,6.943108,-1.1669914,12.719225,2016-03-09,21:02:29.524
27.472,4.0403395,0.8139519,10.071429,2016-03-09,21:02:29.602
27.544,2.0790098,-0.46091253,9.51245,2016-03-09,21:02:29.674
27.627,1.176798,-0.40207264,8.845598,2016-03-09,21:02:29.757
27.707,3.9128532,-0.1176798,11.140354,2016-03-09,21:02:29.837
27.769,4.864098,0.18632634,13.307624,2016-03-09,21:02:29.899
27.84,3.5892339,-3.4911673,10.924608,2016-03-09,21:02:29.97
27.913,-2.5497289,0.55897903,8.070872,2016-03-09,21:02:30.043
27.997,-2.1966896,1.4317709,4.020726,2016-03-09,21:02:30.127
28.061,-5.1582975,0.26477954,1.8534569,2016-03-09,21:02:30.191
28.133,-6.305676,0.26477954,4.4914455,2016-03-09,21:02:30.263
28.145,-6.305676,-2.3928225,4.4914455,2016-03-09,21:02:30.275
28.211,-4.2953124,2.1476562,8.394492,2016-03-09,21:02:30.341
28.283,1.7946169,-0.34323275,12.219086,2016-03-09,21:02:30.413
28.36,4.677772,1.4023509,15.975033,2016-03-09,21:02:30.49
28.435,4.9131317,-1.3631244,9.934136,2016-03-09,21:02:30.565
28.516,3.049868,-0.44129923,10.247949,2016-03-09,21:02:30.646
28.596,2.1476562,-0.44129923,9.414384,2016-03-09,21:02:30.726
28.612,2.1476562,0.6276256,9.414384,2016-03-09,21:02:30.742
28.655,2.7066352,0.6374322,9.816457,2016-03-09,21:02:30.785
28.732,4.4424124,-0.3334261,12.375992,2016-03-09,21:02:30.862
28.804,6.913688,0.8139519,16.131939,2016-03-09,21:02:30.934
28.884,-0.97085834,-1.6279038,8.629851,2016-03-09,21:02:31.014
28.955,-7.8845463,1.4023509,3.2558076,2016-03-09,21:02:31.085
29.028,-4.648352,-1.6573238,0.83356524,2016-03-09,21:02:31.158
29.1,-7.021561,-1.4709975,5.746697,2016-03-09,21:02:31.23
29.177,-3.4911673,1.8632635,8.982891,2016-03-09,21:02:31.307
29.249,3.8736267,0.12748645,13.778343,2016-03-09,21:02:31.379
29.322,6.668522,1.93191,13.415497,2016-03-09,21:02:31.452
29.399,2.1672697,-1.4611908,10.159689,2016-03-09,21:02:31.529
29.475,1.0689248,0.46091253,10.022396,2016-03-09,21:02:31.605
29.548,2.0397832,-0.4118793,11.542427,2016-03-09,21:02:31.678
29.65,3.0302548,-0.1372931,14.631521,2016-03-09,21:02:31.78
29.696,3.167548,-0.37265268,12.856518,2016-03-09,21:02:31.826
29.773,-7.4922805,-2.3339827,5.0013914,2016-03-09,21:02:31.903
29.844,-3.5402005,0.16671304,-1.4317709,2016-03-09,21:02:31.974
29.924,-6.8548484,-0.17651969,4.7660317,2016-03-09,21:02:32.054
29.997,-3.471554,-1.5690639,3.7167203,2016-03-09,21:02:32.127
30.07,0.12748645,-1.1571847,11.6503,2016-03-09,21:02:32.2
30.142,9.757616,-0.17651969,17.524483,2016-03-09,21:02:32.272
30.214,1.0198916,-0.6864655,10.561762,2016-03-09,21:02:32.344
30.294,0.19613299,-0.92182505,8.178746,2016-03-09,21:02:32.424
30.363,0.40207264,-0.42168593,10.463696,2016-03-09,21:02:32.493
30.45,-0.18632634,-0.0196133,10.787314,2016-03-09,21:02:32.58
30.516,0.49033248,-0.9610517,11.218807,2016-03-09,21:02:32.646
30.589,2.883155,0.0784532,14.425582,2016-03-09,21:02:32.719
30.681,1.343511,-1.6573238,12.787871,2016-03-09,21:02:32.811
30.739,-3.275421,-1.5984839,12.189666,2016-03-09,21:02:32.869
30.814,-2.1378496,5.7172766,-4.305119,2016-03-09,21:02:32.944
30.884,-8.423912,-4.393379,5.0210047,2016-03-09,21:02:33.014
30.967,-2.4810824,2.1672697,9.296704,2016-03-09,21:02:33.097
31.039,-3.7657535,-2.432049,11.689527,2016-03-09,21:02:33.169
31.112,0.1176798,-1.0493115,12.042566,2016-03-09,21:02:33.242
31.189,2.3437893,0.2353596,11.042288,2016-03-09,21:02:33.319
31.261,2.6379888,0.2353596,10.934415,2016-03-09,21:02:33.391
31.333,0.2157463,0.2157463,9.885103,2016-03-09,21:02:33.463
31.404,0.37265268,0.46091253,10.483309,2016-03-09,21:02:33.534
31.487,0.0392266,-0.92182505,10.071429,2016-03-09,21:02:33.617
31.56,5.658437,1.0983448,15.474894,2016-03-09,21:02:33.69
31.627,1.8730701,1.2258313,12.601545,2016-03-09,21:02:33.757
31.719,-2.432049,-0.5099458,8.8652115,2016-03-09,21:02:33.849
31.777,-2.265336,-0.44129923,2.7948952,2016-03-09,21:02:33.907
31.853,-6.1389627,0.57859236,2.3928225,2016-03-09,21:02:33.983
31.924,-4.403186,-0.2157463,8.4925585,2016-03-09,21:02:34.054
32.007,-3.079288,-0.0196133,9.139797,2016-03-09,21:02:34.137
32.08,0.9022118,0.18632634,11.6110735,2016-03-09,21:02:34.21
32.152,2.6379888,-0.0196133,11.179581,2016-03-09,21:02:34.282
32.218,1.8142302,-0.0196133,10.7578945,2016-03-09,21:02:34.348
32.236,1.8142302,0.7747253,10.7578945,2016-03-09,21:02:34.366
32.302,3.1773546,0.44129923,9.787037,2016-03-09,21:02:34.432
32.373,2.9714148,0.049033247,10.424469,2016-03-09,21:02:34.503
32.448,1.0591182,0.7649187,9.492837,2016-03-09,21:02:34.578
32.519,1.6377105,0.5393657,9.326124,2016-03-09,21:02:34.649
32.591,4.658159,0.20593965,11.120741,2016-03-09,21:02:34.721
32.68,2.5889556,0.02941995,11.012868,2016-03-09,21:02:34.81
32.748,2.2457228,-0.1569064,11.581654,2016-03-09,21:02:34.878
32.821,0.92182505,-1.1375713,8.894631,2016-03-09,21:02:34.951
32.887,-1.4709975,0.65704554,12.385798,2016-03-09,21:02:35.017
32.963,-0.5295591,-0.19613299,6.335096,2016-03-09,21:02:35.093
33.044,-8.237586,0.5001391,2.8341217,2016-03-09,21:02:35.174
33.113,-3.7363336,-1.8338435,7.6688,2016-03-09,21:02:35.243
33.194,-2.0790098,-1.5200307,10.669635,2016-03-09,21:02:35.324
33.263,-0.28439283,-1.6671305,10.189109,2016-03-09,21:02:35.393
33.333,-0.0196133,0.00980665,10.483309,2016-03-09,21:02:35.463
33.414,-0.37265268,1.0296983,10.816734,2016-03-09,21:02:35.544
33.486,0.16671304,-1.2062179,9.68897,2016-03-09,21:02:35.616
33.56,-0.84337187,0.2941995,10.493115,2016-03-09,21:02:35.69
33.648,-0.75511205,0.3138128,9.963556,2016-03-09,21:02:35.778
33.71,-0.28439283,-0.79433864,9.992976,2016-03-09,21:02:35.84
33.785,-0.588399,0.2745862,9.7183895,2016-03-09,21:02:35.915
33.858,-0.42168593,-0.5295591,9.855683,2016-03-09,21:02:35.988
33.931,0.0196133,-0.5491724,9.796844,2016-03-09,21:02:36.061
34.01,-0.26477954,0.0,9.914523,2016-03-09,21:02:36.14
34.077,-0.6668522,-0.5982056,9.845877,2016-03-09,21:02:36.207
34.15,-0.2745862,-0.2157463,10.169496,2016-03-09,21:02:36.28
34.23,0.16671304,0.44129923,10.483309,2016-03-09,21:02:36.36
