1.257,8.943665,2.3830159,0.49033248,2016-03-15,23:06:35.666
1.271,9.914523,4.3149257,-2.6379888,2016-03-15,23:06:35.68
1.286,8.933858,2.7164419,2.2555294,2016-03-15,23:06:35.695
1.317,8.845598,3.6480737,-2.3732092,2016-03-15,23:06:35.726
1.354,7.953193,6.541035,1.5298374,2016-03-15,23:06:35.763
1.413,7.3255672,5.462304,-0.40207264,2016-03-15,23:06:35.822
1.428,11.493394,10.797121,2.3634026,2016-03-15,23:06:35.837
1.444,7.7766733,6.697942,0.70607877,2016-03-15,23:06:35.853
1.46,6.050703,4.1874394,-0.46091253,2016-03-15,23:06:35.869
1.475,7.168661,7.560927,0.4118793,2016-03-15,23:06:35.884
1.493,7.5511203,5.6094036,-1.4513842,2016-03-15,23:06:35.902
1.534,8.090487,5.6094036,-0.9904716,2016-03-15,23:06:35.943
1.56,8.090487,5.2857842,-0.9904716,2016-03-15,23:06:35.969
1.623,7.7766733,6.8744617,0.6374322,2016-03-15,23:06:36.032
1.637,6.364516,6.207609,0.98066497,2016-03-15,23:06:36.046
1.658,7.4922805,7.2373075,-0.8629852,2016-03-15,23:06:36.067
1.68,7.4138274,6.433162,0.02941995,2016-03-15,23:06:36.089
1.697,7.109821,5.599597,0.39226598,2016-03-15,23:06:36.106
1.712,5.629017,4.0109196,0.8139519,2016-03-15,23:06:36.121
1.75,9.277091,6.364516,0.1569064,2016-03-15,23:06:36.159
1.787,6.8744617,5.3838506,1.1277647,2016-03-15,23:06:36.196
1.844,7.58054,7.1588545,0.10787315,2016-03-15,23:06:36.253
1.859,7.1784678,6.2958694,0.5491724,2016-03-15,23:06:36.268
1.875,7.364794,6.158576,-0.088259846,2016-03-15,23:06:36.284
1.89,7.4628606,6.9627213,0.02941995,2016-03-15,23:06:36.299
1.905,7.9924197,5.746697,0.24516624,2016-03-15,23:06:36.314
1.92,8.227779,6.1389627,-0.71588546,2016-03-15,23:06:36.329
1.96,8.531785,5.9722495,-0.4511059,2016-03-15,23:06:36.369
1.997,7.502087,6.3743224,-0.98066497,2016-03-15,23:06:36.406
2.044,7.3255672,6.6292953,-0.69627213,2016-03-15,23:06:36.453
2.108,6.9333014,6.776395,-1.2552512,2016-03-15,23:06:36.517
2.181,7.5707335,6.9823346,-0.70607877,2016-03-15,23:06:36.59
2.251,7.227501,6.00167,-0.38245934,2016-03-15,23:06:36.66
2.321,7.5217004,7.0902076,0.06864655,2016-03-15,23:06:36.73
2.391,8.943665,5.9134097,-1.2944778,2016-03-15,23:06:36.8
2.496,7.913966,5.903603,-0.49033248,2016-03-15,23:06:36.905
2.548,7.7472534,4.815065,0.60801226,2016-03-15,23:06:36.957
2.614,8.639658,5.1582975,0.049033247,2016-03-15,23:06:37.023
2.682,8.992698,3.9030466,-1.4121575,2016-03-15,23:06:37.091
2.754,9.090764,8.1101,0.10787315,2016-03-15,23:06:37.163
2.818,11.522814,2.3928225,-2.7262487,2016-03-15,23:06:37.227
2.891,8.345459,1.2454445,0.65704554,2016-03-15,23:06:37.3
2.981,8.943665,4.1089864,-0.79433864,2016-03-15,23:06:37.39
3.054,9.561483,4.1089864,-0.02941995,2016-03-15,23:06:37.463
3.107,9.561483,3.6480737,-0.02941995,2016-03-15,23:06:37.516
3.127,7.4138274,1.2846711,1.6671305,2016-03-15,23:06:37.536
3.193,9.816457,3.9618864,0.2549729,2016-03-15,23:06:37.602
3.26,9.149604,2.9616082,0.049033247,2016-03-15,23:06:37.669
3.326,8.835792,2.9616082,0.12748645,2016-03-15,23:06:37.735
3.346,8.835792,2.6968286,0.12748645,2016-03-15,23:06:37.755
3.426,10.267562,2.9518015,-0.7649187,2016-03-15,23:06:37.835
3.488,9.757616,2.2457228,-1.2258313,2016-03-15,23:06:37.897
3.539,8.404299,2.4222424,0.0784532,2016-03-15,23:06:37.948
3.605,9.247671,3.6578803,-0.14709975,2016-03-15,23:06:38.014
3.672,10.5715685,3.6578803,-0.02941995,2016-03-15,23:06:38.081
3.688,10.5715685,2.4712758,-0.02941995,2016-03-15,23:06:38.097
3.753,8.1101,1.7553903,1.9417167,2016-03-15,23:06:38.162
3.821,9.2378645,2.7164419,0.8041453,2016-03-15,23:06:38.23
3.918,10.002783,2.520309,0.4707192,2016-03-15,23:06:38.327
3.987,8.678885,2.0005565,-0.28439283,2016-03-15,23:06:38.396
4.03,9.4241905,2.5399222,0.30400613,2016-03-15,23:06:38.439
4.102,10.444082,2.775282,-0.1569064,2016-03-15,23:06:38.511
4.171,9.129991,2.657602,-0.0392266,2016-03-15,23:06:38.58
4.242,9.473224,2.2751427,0.0784532,2016-03-15,23:06:38.651
4.311,9.404577,2.2751427,-0.37265268,2016-03-15,23:06:38.72
4.343,9.404577,1.9515233,-0.37265268,2016-03-15,23:06:38.752
4.406,9.169217,1.8436501,0.2157463,2016-03-15,23:06:38.815
4.46,9.649743,1.9417167,-0.8139519,2016-03-15,23:06:38.869
4.534,9.522257,1.90249,-0.02941995,2016-03-15,23:06:38.943
4.605,9.610517,1.2846711,-1.0002782,2016-03-15,23:06:39.014
4.672,10.375436,1.4219642,0.0392266,2016-03-15,23:06:39.081
4.741,9.355544,1.0591182,0.60801226,2016-03-15,23:06:39.15
4.837,10.228335,1.6082906,-1.0296983,2016-03-15,23:06:39.246
4.898,9.728196,2.2457228,-1.0296983,2016-03-15,23:06:39.307
4.953,8.737725,1.3827376,-0.06864655,2016-03-15,23:06:39.362
5.033,9.257478,1.0787314,0.4707192,2016-03-15,23:06:39.442
5.1,9.404577,1.90249,-0.92182505,2016-03-15,23:06:39.509
5.171,9.9047165,2.098623,0.049033247,2016-03-15,23:06:39.58
5.242,10.081236,2.5301156,0.56878567,2016-03-15,23:06:39.651
5.327,8.551398,2.010363,0.5099458,2016-03-15,23:06:39.736
5.407,9.335931,3.0106416,1.0100849,2016-03-15,23:06:39.816
5.46,8.845598,3.5990405,1.2944778,2016-03-15,23:06:39.869
5.524,8.8652115,3.0596747,1.9515233,2016-03-15,23:06:39.933
5.592,9.022118,3.0596747,1.9711366,2016-03-15,23:06:40.001
5.612,9.022118,4.001113,1.9711366,2016-03-15,23:06:40.021
5.67,9.041731,2.657602,1.1669914,2016-03-15,23:06:40.079
5.759,10.179302,2.1378496,1.9221034,2016-03-15,23:06:40.168
5.838,9.394771,4.864098,1.0198916,2016-03-15,23:06:40.247
5.881,7.4432473,2.5497289,0.9414384,2016-03-15,23:06:40.29
5.955,8.227779,2.186883,0.60801226,2016-03-15,23:06:40.364
6.022,9.5320635,2.687022,-0.40207264,2016-03-15,23:06:40.431
6.091,10.522535,2.0495899,0.9120184,2016-03-15,23:06:40.5
6.161,8.924051,1.6377105,0.5099458,2016-03-15,23:06:40.57
6.258,9.767424,1.9711366,0.19613299,2016-03-15,23:06:40.667
6.321,10.826541,1.176798,-2.2751427,2016-03-15,23:06:40.73
6.376,9.610517,1.8730701,-0.93163174,2016-03-15,23:06:40.785
6.451,9.5320635,1.6671305,-1.147378,2016-03-15,23:06:40.86
6.523,10.0910425,0.8629852,-1.0002782,2016-03-15,23:06:40.932
6.59,9.885103,1.9221034,-1.0395049,2016-03-15,23:06:40.999
6.675,9.620323,1.6279038,-1.0296983,2016-03-15,23:06:41.084
6.748,10.414662,1.99075,-0.89240515,2016-03-15,23:06:41.157
6.828,8.16894,1.3042845,0.5001391,2016-03-15,23:06:41.237
6.885,10.473502,1.9221034,-0.9022118,2016-03-15,23:06:41.294
6.951,9.51245,1.1081514,-0.098066494,2016-03-15,23:06:41.36
7.023,7.119628,-0.20593965,5.295591,2016-03-15,23:06:41.432
7.093,9.433997,1.4709975,-1.0591182,2016-03-15,23:06:41.502
7.163,10.806928,-1.1081514,1.9122967,2016-03-15,23:06:41.572
7.247,9.855683,0.35303938,0.3138128,2016-03-15,23:06:41.656
7.326,9.83607,0.6374322,0.2157463,2016-03-15,23:06:41.735
7.379,9.698776,1.1669914,0.049033247,2016-03-15,23:06:41.788
7.447,9.7183895,0.8139519,0.06864655,2016-03-15,23:06:41.856
7.524,8.894631,1.3925443,0.26477954,2016-03-15,23:06:41.933
7.59,10.483309,1.6180972,-0.098066494,2016-03-15,23:06:41.999
7.662,8.943665,0.36284605,1.6279038,2016-03-15,23:06:42.071
7.732,9.679163,2.608569,-1.2846711,2016-03-15,23:06:42.141
7.828,9.639936,3.0204482,-0.6472389,2016-03-15,23:06:42.237
7.873,8.855405,2.186883,-0.60801226,2016-03-15,23:06:42.282
7.944,10.071429,3.3734875,-0.9610517,2016-03-15,23:06:42.353
8.013,9.738003,2.6674087,0.8727918,2016-03-15,23:06:42.422
8.091,9.002504,2.608569,0.79433864,2016-03-15,23:06:42.5
8.161,10.140076,2.912575,-0.28439283,2016-03-15,23:06:42.57
8.247,9.384964,2.6772153,0.2353596,2016-03-15,23:06:42.656
8.327,9.394771,1.7259704,1.0787314,2016-03-15,23:06:42.736
8.369,9.620323,2.3928225,0.0588399,2016-03-15,23:06:42.778
8.441,9.620323,2.4516625,0.1372931,2016-03-15,23:06:42.85
8.513,9.7183895,2.265336,0.4118793,2016-03-15,23:06:42.922
8.58,10.630408,2.8733485,-0.5982056,2016-03-15,23:06:42.989
8.654,9.090764,1.8534569,0.5295591,2016-03-15,23:06:43.063
8.732,8.669079,1.9515233,0.55897903,2016-03-15,23:06:43.141
8.807,9.384964,2.0692031,1.0885382,2016-03-15,23:06:43.216
8.872,9.375157,2.3437893,0.2157463,2016-03-15,23:06:43.281
8.946,9.885103,1.8534569,0.5295591,2016-03-15,23:06:43.355
9.01,9.48303,1.6867437,0.19613299,2016-03-15,23:06:43.419
9.081,9.48303,1.7259704,0.71588546,2016-03-15,23:06:43.49
9.151,9.885103,2.0397832,0.46091253,2016-03-15,23:06:43.56
9.237,9.355544,1.2062179,1.6377105,2016-03-15,23:06:43.646
9.316,8.590625,2.2849493,1.2846711,2016-03-15,23:06:43.725
9.369,9.796844,2.687022,0.4314926,2016-03-15,23:06:43.778
9.442,9.551677,2.3830159,0.7649187,2016-03-15,23:06:43.851
9.513,8.737725,2.6477954,1.0395049,2016-03-15,23:06:43.922
9.58,10.346016,1.6279038,0.2353596,2016-03-15,23:06:43.989
9.652,9.394771,1.6279038,0.9610517,2016-03-15,23:06:44.061
9.738,9.169217,3.079288,0.5295591,2016-03-15,23:06:44.147
9.818,9.649743,2.5006957,0.5099458,2016-03-15,23:06:44.227
9.869,9.698776,2.3437893,0.6668522,2016-03-15,23:06:44.278
9.931,8.816178,2.3928225,1.1375713,2016-03-15,23:06:44.34
10.007,9.306511,2.8341217,1.3337044,2016-03-15,23:06:44.416
10.075,9.012311,2.7360554,0.7747253,2016-03-15,23:06:44.484
10.152,9.620323,2.4222424,0.9904716,2016-03-15,23:06:44.561
10.237,9.002504,2.8341217,0.42168593,2016-03-15,23:06:44.646
10.318,9.4241905,2.8635418,0.65704554,2016-03-15,23:06:44.727
10.359,9.65955,2.2751427,0.49033248,2016-03-15,23:06:44.768
10.431,9.796844,1.8828768,0.55897903,2016-03-15,23:06:44.84
10.512,9.355544,1.7651969,1.0395049,2016-03-15,23:06:44.921
10.577,8.816178,1.6671305,1.0296983,2016-03-15,23:06:44.986
10.653,9.394771,1.8044236,0.84337187,2016-03-15,23:06:45.062
10.738,10.189109,1.1964113,0.75511205,2016-03-15,23:06:45.147
10.817,9.669356,2.7360554,-2.2555294,2016-03-15,23:06:45.226
10.859,9.326124,0.9610517,1.176798,2016-03-15,23:06:45.268
10.931,9.934136,1.4513842,0.6472389,2016-03-15,23:06:45.34
11.014,9.649743,0.88259846,0.71588546,2016-03-15,23:06:45.423
11.07,9.54187,0.51975244,0.8727918,2016-03-15,23:06:45.479
11.141,10.179302,0.8139519,0.7649187,2016-03-15,23:06:45.55
11.227,8.502365,0.44129923,0.6864655,2016-03-15,23:06:45.636
11.298,10.287175,0.44129923,-0.1569064,2016-03-15,23:06:45.707
11.321,10.287175,2.657602,-0.1569064,2016-03-15,23:06:45.73
11.361,9.179024,1.3337044,1.0885382,2016-03-15,23:06:45.77
11.426,9.394771,1.9711366,1.0983448,2016-03-15,23:06:45.835
11.512,9.306511,1.8436501,1.372931,2016-03-15,23:06:45.921
11.576,9.277091,0.9120184,1.5298374,2016-03-15,23:06:45.985
11.644,9.77723,1.93191,1.3042845,2016-03-15,23:06:46.053
11.738,9.267284,1.6769371,1.2944778,2016-03-15,23:06:46.147
11.789,9.83607,1.9809432,1.3238977,2016-03-15,23:06:46.198
11.861,9.54187,1.8240368,1.6671305,2016-03-15,23:06:46.27
11.938,8.982891,1.7750036,1.6671305,2016-03-15,23:06:46.347
12.006,9.100571,2.010363,2.4712758,2016-03-15,23:06:46.415
12.076,10.689248,2.432049,0.37265268,2016-03-15,23:06:46.485
12.157,10.228335,0.6276256,0.79433864,2016-03-15,23:06:46.566
12.219,9.463417,0.32361946,1.0100849,2016-03-15,23:06:46.628
12.278,9.83607,-0.17651969,0.8531785,2016-03-15,23:06:46.687
12.351,9.149604,1.4023509,1.0198916,2016-03-15,23:06:46.76
12.421,9.639936,1.0002782,1.2454445,2016-03-15,23:06:46.83
12.491,9.443804,1.6573238,1.0395049,2016-03-15,23:06:46.9
12.565,9.247671,1.3925443,1.4415776,2016-03-15,23:06:46.974
12.66,9.208445,1.2846711,0.42168593,2016-03-15,23:06:47.069
12.739,9.679163,1.5788707,0.0392266,2016-03-15,23:06:47.148
12.777,9.649743,1.9613299,0.0,2016-03-15,23:06:47.186
12.851,9.012311,2.186883,-0.4511059,2016-03-15,23:06:47.26
12.921,9.080957,2.5693421,-0.4118793,2016-03-15,23:06:47.33
12.991,9.855683,2.5497289,-1.1375713,2016-03-15,23:06:47.4
13.071,10.247949,3.1283212,-1.372931,2016-03-15,23:06:47.48
13.157,10.071429,2.9714148,-1.6769371,2016-03-15,23:06:47.566
13.238,9.473224,3.412714,-1.3925443,2016-03-15,23:06:47.647
13.277,9.54187,3.1773546,-1.0493115,2016-03-15,23:06:47.686
13.345,8.973084,3.2656143,-1.0689248,2016-03-15,23:06:47.754
13.421,9.228058,3.2263877,-1.0787314,2016-03-15,23:06:47.83
13.497,8.924051,3.079288,-0.8237586,2016-03-15,23:06:47.906
13.565,9.277091,3.6284604,-1.1081514,2016-03-15,23:06:47.974
13.647,9.57129,3.0302548,-1.2062179,2016-03-15,23:06:48.056
13.726,9.257478,2.4516625,-0.9610517,2016-03-15,23:06:48.135
13.779,9.169217,2.4124358,-0.8041453,2016-03-15,23:06:48.188
13.851,9.943943,2.3437893,-0.588399,2016-03-15,23:06:48.26
13.921,9.796844,1.7553903,-0.6766588,2016-03-15,23:06:48.33
13.991,8.894631,1.3140911,-0.0588399,2016-03-15,23:06:48.4
14.065,10.071429,1.5200307,-0.26477954,2016-03-15,23:06:48.474
14.15,9.639936,1.3925443,-0.06864655,2016-03-15,23:06:48.559
14.215,9.649743,1.343511,-0.14709975,2016-03-15,23:06:48.624
14.27,9.757616,1.6279038,-0.1569064,2016-03-15,23:06:48.679
14.341,9.914523,1.372931,-0.18632634,2016-03-15,23:06:48.75
14.411,9.463417,1.3925443,-0.19613299,2016-03-15,23:06:48.82
14.492,9.767424,1.4317709,-0.12748645,2016-03-15,23:06:48.901
14.564,9.620323,1.5494506,-0.0392266,2016-03-15,23:06:48.973
14.646,9.649743,1.5984839,0.0,2016-03-15,23:06:49.055
14.726,9.639936,1.5200307,0.10787315,2016-03-15,23:06:49.135
14.77,9.757616,1.2650578,-0.2157463,2016-03-15,23:06:49.179
14.841,9.68897,1.2650578,-0.1372931,2016-03-15,23:06:49.25
14.911,9.60071,1.2944778,0.0784532,2016-03-15,23:06:49.32
14.981,9.620323,1.343511,0.0588399,2016-03-15,23:06:49.39
15.054,9.826263,1.4219642,-0.44129923,2016-03-15,23:06:49.463
15.167,9.590903,1.6279038,-0.00980665,2016-03-15,23:06:49.576
15.211,9.492837,1.7651969,-0.32361946,2016-03-15,23:06:49.62
15.266,9.581097,1.6769371,-0.1176798,2016-03-15,23:06:49.675
15.341,9.86549,2.324176,-0.74530536,2016-03-15,23:06:49.75
15.411,9.100571,2.490889,-0.42168593,2016-03-15,23:06:49.82
15.481,9.796844,3.0302548,-0.83356524,2016-03-15,23:06:49.89
15.553,9.335931,2.3830159,-0.098066494,2016-03-15,23:06:49.962
15.637,9.875297,2.2751427,-0.48052585,2016-03-15,23:06:50.046
15.712,9.120184,2.824315,-0.088259846,2016-03-15,23:06:50.121
15.769,9.5320635,2.9714148,-0.39226598,2016-03-15,23:06:50.178
15.841,9.620323,2.3339827,-0.588399,2016-03-15,23:06:50.25
15.911,10.1989155,1.7553903,0.06864655,2016-03-15,23:06:50.32
15.981,9.139797,2.775282,0.17651969,2016-03-15,23:06:50.39
16.053,9.335931,2.8733485,-0.4511059,2016-03-15,23:06:50.462
16.138,9.60071,2.0790098,-0.0784532,2016-03-15,23:06:50.547
16.205,9.404577,1.6867437,-0.79433864,2016-03-15,23:06:50.614
16.261,9.728196,1.4513842,-0.69627213,2016-03-15,23:06:50.67
16.342,10.110656,2.0790098,-0.89240515,2016-03-15,23:06:50.751
16.407,9.581097,1.7161638,-1.0885382,2016-03-15,23:06:50.816
16.481,9.54187,1.1571847,-0.3138128,2016-03-15,23:06:50.89
16.553,9.355544,1.6867437,-0.49033248,2016-03-15,23:06:50.962
16.637,10.012589,1.5200307,-0.7256921,2016-03-15,23:06:51.046
16.718,9.80665,0.65704554,-0.40207264,2016-03-15,23:06:51.127
16.759,9.826263,0.18632634,-0.97085834,2016-03-15,23:06:51.168
16.831,10.179302,0.35303938,-1.2258313,2016-03-15,23:06:51.24
16.901,10.100849,0.35303938,-1.5592573,2016-03-15,23:06:51.31
16.918,10.100849,0.44129923,-1.5592573,2016-03-15,23:06:51.327
16.983,9.83607,0.6374322,-2.1966896,2016-03-15,23:06:51.392
17.067,9.639936,1.0100849,-2.853735,2016-03-15,23:06:51.476
17.146,9.394771,1.99075,-2.6477954,2016-03-15,23:06:51.555
17.189,9.620323,2.7948952,-2.432049,2016-03-15,23:06:51.598
17.268,9.355544,1.93191,-1.7848103,2016-03-15,23:06:51.677
17.338,9.620323,3.0302548,-0.60801226,2016-03-15,23:06:51.747
17.401,9.77723,1.6475172,-0.8531785,2016-03-15,23:06:51.81
17.471,9.767424,2.3437893,-1.1866046,2016-03-15,23:06:51.88
17.56,9.54187,2.3437893,-0.8139519,2016-03-15,23:06:51.969
17.595,9.54187,3.2852278,-0.8139519,2016-03-15,23:06:52.004
17.658,9.51245,2.4712758,0.0,2016-03-15,23:06:52.067
17.689,9.80665,2.775282,-0.36284605,2016-03-15,23:06:52.098
17.765,9.54187,4.06976,-0.49033248,2016-03-15,23:06:52.174
17.83,9.277091,3.697107,-1.4709975,2016-03-15,23:06:52.239
17.901,9.845877,2.1574628,-2.1378496,2016-03-15,23:06:52.31
17.971,9.65955,2.186883,-2.490889,2016-03-15,23:06:52.38
18.059,9.394771,3.0106416,-2.6281822,2016-03-15,23:06:52.468
18.143,9.198637,1.8338435,-2.353596,2016-03-15,23:06:52.552
18.185,9.68897,2.0495899,-2.520309,2016-03-15,23:06:52.594
18.262,9.95375,2.2849493,-2.6183755,2016-03-15,23:06:52.671
18.332,10.159689,1.176798,-2.0692031,2016-03-15,23:06:52.741
18.401,10.071429,0.65704554,-0.951245,2016-03-15,23:06:52.81
18.471,9.316318,2.2849493,-0.74530536,2016-03-15,23:06:52.88
18.559,10.1989155,1.3337044,-0.35303938,2016-03-15,23:06:52.968
18.634,9.551677,1.3533176,-0.6472389,2016-03-15,23:06:53.043
18.688,9.551677,1.6867437,-0.2549729,2016-03-15,23:06:53.097
18.751,9.80665,1.6867437,-1.3925443,2016-03-15,23:06:53.16
18.768,9.80665,1.2552512,-1.3925443,2016-03-15,23:06:53.177
18.823,10.012589,0.2157463,-0.9610517,2016-03-15,23:06:53.232
18.902,10.081236,0.12748645,-1.5592573,2016-03-15,23:06:53.311
18.987,10.218529,0.35303938,-2.3045628,2016-03-15,23:06:53.396
19.055,9.963556,0.9610517,-3.049868,2016-03-15,23:06:53.464
19.112,9.92433,1.4219642,-2.7556686,2016-03-15,23:06:53.521
19.182,9.277091,2.7262487,-2.2751427,2016-03-15,23:06:53.591
19.251,9.2378645,3.383294,-1.6377105,2016-03-15,23:06:53.66
19.323,9.414384,2.353596,-0.26477954,2016-03-15,23:06:53.732
19.392,9.247671,2.353596,-0.75511205,2016-03-15,23:06:53.801
19.424,9.247671,2.3045628,-0.75511205,2016-03-15,23:06:53.833
19.489,9.973363,1.8926834,0.098066494,2016-03-15,23:06:53.898
19.542,10.071429,3.216581,0.00980665,2016-03-15,23:06:53.951
19.612,8.894631,1.6965504,0.44129923,2016-03-15,23:06:54.021
19.683,9.492837,2.6477954,-0.098066494,2016-03-15,23:06:54.092
19.751,9.306511,2.8439283,-0.4707192,2016-03-15,23:06:54.16
19.821,9.365351,3.2656143,1.176798,2016-03-15,23:06:54.23
19.907,9.7183895,3.0400615,0.088259846,2016-03-15,23:06:54.316
19.987,9.228058,2.4614692,-0.83356524,2016-03-15,23:06:54.396
20.042,10.365629,2.775282,-1.1081514,2016-03-15,23:06:54.451
20.111,9.698776,3.0204482,-1.2944778,2016-03-15,23:06:54.52
20.181,9.473224,2.5595355,-1.4121575,2016-03-15,23:06:54.59
20.251,9.48303,2.1966896,-1.5298374,2016-03-15,23:06:54.66
20.33,9.65955,2.0692031,-1.5788707,2016-03-15,23:06:54.739
20.409,9.080957,2.2261095,-1.2552512,2016-03-15,23:06:54.818
20.489,9.767424,2.6379888,-2.265336,2016-03-15,23:06:54.898
20.54,10.522535,2.2064962,-1.5592573,2016-03-15,23:06:54.949
20.601,10.012589,0.97085834,-0.61781895,2016-03-15,23:06:55.01
20.675,9.48303,0.97085834,-0.46091253,2016-03-15,23:06:55.084
20.698,9.48303,1.5004175,-0.46091253,2016-03-15,23:06:55.107
20.753,9.845877,2.3634026,-1.4219642,2016-03-15,23:06:55.162
20.837,9.63013,1.4317709,-0.6472389,2016-03-15,23:06:55.246
20.905,9.728196,0.8139519,-0.9904716,2016-03-15,23:06:55.314
20.962,9.83607,0.7649187,-0.88259846,2016-03-15,23:06:55.371
21.033,9.83607,0.79433864,-1.3140911,2016-03-15,23:06:55.442
21.1,9.914523,1.5102241,-1.8828768,2016-03-15,23:06:55.509
21.171,9.816457,1.7848103,-1.9417167,2016-03-15,23:06:55.58
21.244,9.708583,1.7161638,-2.0888164,2016-03-15,23:06:55.653
21.328,9.738003,2.6281822,-2.010363,2016-03-15,23:06:55.737
21.41,9.747809,2.6281822,-1.8240368,2016-03-15,23:06:55.819
21.442,9.747809,3.3636808,-1.8240368,2016-03-15,23:06:55.851
21.458,8.767145,3.3636808,-0.51975244,2016-03-15,23:06:55.867
21.474,8.767145,5.0308113,-0.51975244,2016-03-15,23:06:55.883
21.532,9.934136,4.981778,0.10787315,2016-03-15,23:06:55.941
21.601,9.080957,1.3140911,0.6472389,2016-03-15,23:06:56.01
21.69,9.257478,2.0005565,-0.49033248,2016-03-15,23:06:56.099
21.76,9.590903,2.2359161,-0.56878567,2016-03-15,23:06:56.169
21.824,9.316318,3.167548,-0.16671304,2016-03-15,23:06:56.233
21.889,9.54187,3.7755601,-0.28439283,2016-03-15,23:06:56.298
21.961,9.63013,2.775282,-0.8139519,2016-03-15,23:06:56.37
22.033,9.51245,2.853735,-1.0689248,2016-03-15,23:06:56.442
22.101,9.68897,2.7360554,-1.0689248,2016-03-15,23:06:56.51
22.187,9.796844,1.8632635,-1.4317709,2016-03-15,23:06:56.596
22.28,9.639936,1.3925443,-0.4511059,2016-03-15,23:06:56.689
22.312,10.238142,1.8044236,-0.14709975,2016-03-15,23:06:56.721
22.381,9.738003,1.1669914,0.0,2016-03-15,23:06:56.79
22.454,8.737725,2.0888164,1.539644,2016-03-15,23:06:56.863
22.525,10.100849,4.059953,0.02941995,2016-03-15,23:06:56.934
22.601,8.453332,2.941995,0.10787315,2016-03-15,23:06:57.01
22.691,10.228335,1.4906107,0.0784532,2016-03-15,23:06:57.1
22.748,9.934136,0.9120184,-0.1176798,2016-03-15,23:06:57.157
22.814,9.708583,1.5886773,-0.4314926,2016-03-15,23:06:57.223
22.88,9.620323,2.0397832,-0.89240515,2016-03-15,23:06:57.289
22.951,9.875297,2.0692031,-0.9022118,2016-03-15,23:06:57.36
23.023,9.708583,2.0005565,-0.65704554,2016-03-15,23:06:57.432
23.09,9.77723,1.9809432,-0.7649187,2016-03-15,23:06:57.499
23.183,9.610517,2.2359161,-0.83356524,2016-03-15,23:06:57.592
23.269,9.198637,2.5399222,-1.1964113,2016-03-15,23:06:57.678
23.308,8.982891,4.167826,-0.84337187,2016-03-15,23:06:57.717
23.381,9.679163,2.6477954,-0.88259846,2016-03-15,23:06:57.79
23.451,10.287175,2.010363,-0.951245,2016-03-15,23:06:57.86
23.524,8.953471,2.490889,-0.9610517,2016-03-15,23:06:57.933
23.59,10.071429,4.1089864,-0.6472389,2016-03-15,23:06:57.999
23.679,9.306511,2.7948952,-0.2941995,2016-03-15,23:06:58.088
23.758,9.796844,3.0302548,-0.8041453,2016-03-15,23:06:58.167
23.803,9.414384,3.0302548,-1.1375713,2016-03-15,23:06:58.212
23.828,9.414384,3.9226599,-1.1375713,2016-03-15,23:06:58.237
23.883,9.257478,3.4421341,-1.6279038,2016-03-15,23:06:58.292
23.951,9.296704,4.06976,-1.6965504,2016-03-15,23:06:58.36
24.023,9.316318,3.3931007,-2.2359161,2016-03-15,23:06:58.432
24.107,9.796844,2.4124358,-3.1577413,2016-03-15,23:06:58.516
24.186,9.139797,1.8632635,-2.6968286,2016-03-15,23:06:58.595
24.239,9.679163,1.735777,-2.0299766,2016-03-15,23:06:58.648
24.301,10.071429,1.1669914,-1.2748644,2016-03-15,23:06:58.71
24.371,9.767424,1.1669914,-1.1964113,2016-03-15,23:06:58.78
24.388,9.767424,2.186883,-1.1964113,2016-03-15,23:06:58.797
24.454,9.5320635,0.5393657,-0.88259846,2016-03-15,23:06:58.863
24.539,9.80665,1.5004175,-0.5295591,2016-03-15,23:06:58.948
24.627,9.747809,0.98066497,-1.0787314,2016-03-15,23:06:59.036
24.659,10.071429,0.7354987,-1.2944778,2016-03-15,23:06:59.068
24.735,9.86549,1.2748644,-1.6475172,2016-03-15,23:06:59.144
24.801,9.80665,2.0790098,-1.3631244,2016-03-15,23:06:59.21
24.871,9.610517,2.3634026,-2.010363,2016-03-15,23:06:59.28
24.941,9.061344,2.9518015,-1.2062179,2016-03-15,23:06:59.35
25.04,9.639936,2.5301156,-1.4219642,2016-03-15,23:06:59.449
25.106,8.404299,2.2261095,-0.88259846,2016-03-15,23:06:59.515
25.158,8.531785,1.6377105,-0.6276256,2016-03-15,23:06:59.567
25.232,8.943665,3.049868,-0.71588546,2016-03-15,23:06:59.641
25.301,9.914523,2.1378496,-1.8436501,2016-03-15,23:06:59.71
25.373,9.95375,4.118793,-3.079288,2016-03-15,23:06:59.782
25.441,9.100571,2.8047018,-1.9221034,2016-03-15,23:06:59.85
25.545,9.80665,3.1577413,-1.343511,2016-03-15,23:06:59.954
25.638,9.48303,2.687022,-1.7161638,2016-03-15,23:07:00.047
25.695,9.335931,4.1874394,-1.7455837,2016-03-15,23:07:00.104
25.729,9.041731,4.0109196,-2.010363,2016-03-15,23:07:00.138
25.801,9.345737,4.1580195,-2.2359161,2016-03-15,23:07:00.21
25.871,8.933858,3.5107806,-2.3143694,2016-03-15,23:07:00.28
25.941,9.198637,3.2950344,-2.5987623,2016-03-15,23:07:00.35
26.016,9.384964,2.432049,-2.6968286,2016-03-15,23:07:00.425
26.113,9.433997,1.4513842,-2.745862,2016-03-15,23:07:00.522
26.186,9.228058,3.108708,-1.706357,2016-03-15,23:07:00.595
26.226,9.375157,1.90249,-2.0201697,2016-03-15,23:07:00.635
26.303,9.375157,2.520309,-2.3143694,2016-03-15,23:07:00.712
26.371,10.355823,-0.1569064,-2.912575,2016-03-15,23:07:00.78
26.441,9.757616,1.3533176,-1.7553903,2016-03-15,23:07:00.85
26.522,9.9047165,0.70607877,-1.93191,2016-03-15,23:07:00.931
26.601,9.679163,0.71588546,-2.3339827,2016-03-15,23:07:01.01
26.68,9.68897,1.1375713,-3.1283212,2016-03-15,23:07:01.089
26.718,9.86549,1.2160245,-3.108708,2016-03-15,23:07:01.127
26.793,9.620323,2.2261095,-3.4225209,2016-03-15,23:07:01.202
26.861,9.110377,1.6671305,-2.520309,2016-03-15,23:07:01.27
26.931,9.473224,2.3634026,-2.883155,2016-03-15,23:07:01.34
27.001,9.365351,2.3634026,-3.6873002,2016-03-15,23:07:01.41
27.036,9.365351,1.93191,-3.6873002,2016-03-15,23:07:01.445
27.087,9.169217,3.2361944,-2.1378496,2016-03-15,23:07:01.496
27.153,9.45361,3.1871612,-1.6573238,2016-03-15,23:07:01.562
27.221,9.48303,4.5698986,-1.1081514,2016-03-15,23:07:01.63
27.291,9.012311,2.9616082,-0.79433864,2016-03-15,23:07:01.7
27.361,9.875297,3.334261,-1.147378,2016-03-15,23:07:01.77
27.431,9.129991,3.971693,-1.5004175,2016-03-15,23:07:01.84
27.529,9.492837,3.4519408,-2.098623,2016-03-15,23:07:01.938
27.596,9.355544,3.3636808,-2.1182363,2016-03-15,23:07:02.005
27.644,9.48303,3.3636808,-2.7066352,2016-03-15,23:07:02.053
27.659,9.48303,2.9616082,-2.7066352,2016-03-15,23:07:02.068
27.724,9.090764,2.824315,-2.6772153,2016-03-15,23:07:02.133
27.797,9.757616,2.3437893,-2.8145084,2016-03-15,23:07:02.206
27.863,9.306511,1.5200307,-2.8341217,2016-03-15,23:07:02.272
27.951,10.542149,0.48052585,-1.93191,2016-03-15,23:07:02.36
28.017,9.581097,-0.0392266,-0.46091253,2016-03-15,23:07:02.426
28.081,9.95375,2.0397832,-1.6769371,2016-03-15,23:07:02.49
28.141,9.649743,1.4317709,-0.049033247,2016-03-15,23:07:02.55
28.211,9.394771,1.3631244,-1.2552512,2016-03-15,23:07:02.62
28.292,10.100849,0.55897903,-1.3238977,2016-03-15,23:07:02.701
28.361,10.022396,1.1375713,-1.5592573,2016-03-15,23:07:02.77
28.448,10.100849,0.60801226,-1.4611908,2016-03-15,23:07:02.857
28.519,9.179024,1.0100849,-1.8730701,2016-03-15,23:07:02.928
28.572,10.002783,1.3925443,-2.186883,2016-03-15,23:07:02.981
28.642,9.68897,2.5497289,-1.3925443,2016-03-15,23:07:03.051
28.712,9.384964,3.1969678,-1.5004175,2016-03-15,23:07:03.121
28.782,9.355544,4.059953,-0.5393657,2016-03-15,23:07:03.191
28.853,9.728196,2.8145084,-0.2745862,2016-03-15,23:07:03.262
28.948,9.012311,2.1574628,0.26477954,2016-03-15,23:07:03.357
29.018,9.669356,3.1871612,-1.2944778,2016-03-15,23:07:03.427
29.071,8.806372,3.9618864,-0.42168593,2016-03-15,23:07:03.48
29.142,9.345737,4.059953,-0.5099458,2016-03-15,23:07:03.551
29.212,9.061344,3.9618864,-0.7354987,2016-03-15,23:07:03.621
29.281,9.375157,3.5205872,-1.4611908,2016-03-15,23:07:03.69
29.351,9.5320635,3.1185145,-2.5791488,2016-03-15,23:07:03.76
29.438,9.7183895,1.7553903,-2.5693421,2016-03-15,23:07:03.847
29.537,10.463696,1.1081514,-1.6180972,2016-03-15,23:07:03.946
29.573,10.463696,0.14709975,-1.2552512,2016-03-15,23:07:03.982
29.642,8.737725,0.97085834,0.02941995,2016-03-15,23:07:04.051
29.714,10.140076,1.7651969,-0.6472389,2016-03-15,23:07:04.123
29.78,9.54187,2.4516625,-0.74530536,2016-03-15,23:07:04.189
29.858,9.63013,1.5592573,-1.3337044,2016-03-15,23:07:04.267
29.938,9.63013,0.65704554,-1.4317709,2016-03-15,23:07:04.347
30.02,10.071429,-0.049033247,-1.5690639,2016-03-15,23:07:04.429
30.071,9.639936,0.2157463,0.088259846,2016-03-15,23:07:04.48
30.142,10.502922,0.9120184,-1.7259704,2016-03-15,23:07:04.551
30.211,9.041731,1.6573238,-1.8142302,2016-03-15,23:07:04.62
30.281,10.130269,1.9809432,-1.7161638,2016-03-15,23:07:04.69
30.351,9.365351,2.5006957,-1.1866046,2016-03-15,23:07:04.76
30.437,9.649743,2.490889,-0.97085834,2016-03-15,23:07:04.846
30.525,10.081236,2.3045628,-0.70607877,2016-03-15,23:07:04.934
30.561,9.257478,4.118793,-0.20593965,2016-03-15,23:07:04.97
30.632,9.796844,3.3931007,-0.7649187,2016-03-15,23:07:05.041
30.707,8.8652115,1.6769371,-0.10787315,2016-03-15,23:07:05.116
30.778,9.914523,2.4516625,-0.57859236,2016-03-15,23:07:05.187
30.851,8.855405,3.3146477,0.098066494,2016-03-15,23:07:05.26
30.938,9.463417,4.256086,-0.2549729,2016-03-15,23:07:05.347
31.037,9.0515375,3.9128532,-0.20593965,2016-03-15,23:07:05.446
31.061,9.845877,3.5402005,-1.3238977,2016-03-15,23:07:05.47
31.132,9.57129,2.912575,-1.7553903,2016-03-15,23:07:05.541
31.201,9.934136,2.490889,-1.4709975,2016-03-15,23:07:05.61
31.271,9.80665,2.490889,-1.9122967,2016-03-15,23:07:05.68
31.341,9.394771,1.7750036,-2.0005565,2016-03-15,23:07:05.75
31.428,9.65955,1.7750036,-1.6475172,2016-03-15,23:07:05.837
31.464,9.65955,0.98066497,-1.6475172,2016-03-15,23:07:05.873
31.545,9.65955,0.98066497,-1.3533176,2016-03-15,23:07:05.954
31.565,10.071429,0.83356524,-1.3533176,2016-03-15,23:07:05.974
31.58,9.5320635,1.6573238,-1.147378,2016-03-15,23:07:05.989
31.63,10.169496,1.4219642,-1.5690639,2016-03-15,23:07:06.039
31.701,9.48303,1.4121575,-1.4121575,2016-03-15,23:07:06.11
31.772,9.973363,0.4707192,-1.6671305,2016-03-15,23:07:06.181
31.868,9.7183895,0.51975244,-1.4121575,2016-03-15,23:07:06.277
31.938,9.83607,0.6374322,-0.9610517,2016-03-15,23:07:06.347
31.984,10.355823,0.9904716,-2.0299766,2016-03-15,23:07:06.393
32.053,9.561483,1.5102241,-1.5298374,2016-03-15,23:07:06.462
32.133,9.738003,1.90249,-1.8730701,2016-03-15,23:07:06.542
32.2,9.9047165,2.4712758,-1.99075,2016-03-15,23:07:06.609
32.271,9.394771,2.853735,-1.5788707,2016-03-15,23:07:06.68
32.357,9.48303,3.9815,-1.0787314,2016-03-15,23:07:06.766
32.436,9.610517,2.4026291,-0.1569064,2016-03-15,23:07:06.845
32.489,9.090764,2.294756,-0.4118793,2016-03-15,23:07:06.898
32.553,9.296704,2.3830159,-0.8531785,2016-03-15,23:07:06.962
32.631,9.120184,3.6774936,-0.36284605,2016-03-15,23:07:07.04
32.701,9.0515375,4.2168593,-0.4511059,2016-03-15,23:07:07.11
32.787,9.60071,4.1089864,-0.44129923,2016-03-15,23:07:07.196
32.857,9.5320635,3.8736267,-1.0689248,2016-03-15,23:07:07.266
32.925,9.326124,3.726527,-1.5984839,2016-03-15,23:07:07.334
32.981,9.345737,3.1479347,-2.4516625,2016-03-15,23:07:07.39
33.057,9.86549,2.9714148,-2.1378496,2016-03-15,23:07:07.466
33.121,9.404577,1.9711366,-2.7556686,2016-03-15,23:07:07.53
33.191,9.277091,1.6279038,-2.0888164,2016-03-15,23:07:07.6
33.272,9.45361,2.3928225,-2.0201697,2016-03-15,23:07:07.681
33.357,9.747809,1.90249,-2.8733485,2016-03-15,23:07:07.766
33.436,9.875297,1.0002782,-1.3533176,2016-03-15,23:07:07.845
33.479,10.159689,2.0397832,-2.687022,2016-03-15,23:07:07.888
33.554,9.86549,0.19613299,-1.6377105,2016-03-15,23:07:07.963
33.621,9.826263,0.951245,-2.0397832,2016-03-15,23:07:08.03
33.691,10.081236,0.44129923,-1.9711366,2016-03-15,23:07:08.1
33.762,10.179302,0.26477954,-2.7164419,2016-03-15,23:07:08.171
33.848,9.581097,2.2751427,-3.3440676,2016-03-15,23:07:08.257
33.914,9.316318,2.2751427,-3.5303938,2016-03-15,23:07:08.323
33.955,9.316318,2.5399222,-3.5303938,2016-03-15,23:07:08.364
33.981,9.061344,1.8730701,-3.6774936,2016-03-15,23:07:08.39
34.049,9.335931,4.628739,-3.1283212,2016-03-15,23:07:08.458
34.121,9.169217,4.06976,-2.6477954,2016-03-15,23:07:08.53
34.191,9.845877,1.6377105,-1.4513842,2016-03-15,23:07:08.6
34.261,8.8652115,3.9618864,-1.3533176,2016-03-15,23:07:08.67
34.358,9.522257,4.8542914,-1.4513842,2016-03-15,23:07:08.767
34.428,9.404577,2.3928225,-0.9120184,2016-03-15,23:07:08.837
34.48,9.394771,3.550007,-1.5984839,2016-03-15,23:07:08.889
34.554,9.169217,3.6873002,-1.5298374,2016-03-15,23:07:08.963
34.621,9.551677,3.2656143,-2.4810824,2016-03-15,23:07:09.03
34.691,9.404577,2.853735,-2.6379888,2016-03-15,23:07:09.1
34.764,9.15941,2.9714148,-2.7654753,2016-03-15,23:07:09.173
34.847,9.208445,2.3830159,-3.0106416,2016-03-15,23:07:09.256
34.927,9.669356,1.9809432,-3.412714,2016-03-15,23:07:09.336
34.98,9.80665,1.7161638,-3.0204482,2016-03-15,23:07:09.389
35.056,10.326403,1.7161638,-0.83356524,2016-03-15,23:07:09.465
35.088,10.326403,0.9904716,-0.83356524,2016-03-15,23:07:09.497
35.123,9.335931,2.3045628,-1.9809432,2016-03-15,23:07:09.532
35.191,9.914523,1.0591182,-1.4121575,2016-03-15,23:07:09.6
35.277,9.18883,1.4709975,-1.0395049,2016-03-15,23:07:09.686
35.356,9.80665,0.84337187,-1.5984839,2016-03-15,23:07:09.765
35.399,9.86549,0.8237586,-1.4415776,2016-03-15,23:07:09.808
35.472,10.012589,0.93163174,-1.6279038,2016-03-15,23:07:09.881
35.543,10.071429,1.4709975,-2.2163029,2016-03-15,23:07:09.952
35.61,9.728196,2.265336,-2.608569,2016-03-15,23:07:10.019
35.681,9.326124,2.265336,-2.432049,2016-03-15,23:07:10.09
35.713,9.326124,1.5788707,-2.432049,2016-03-15,23:07:10.122
35.765,9.384964,2.8145084,-2.2849493,2016-03-15,23:07:10.174
35.831,9.77723,2.9518015,-1.2650578,2016-03-15,23:07:10.24
35.901,9.98317,2.0692031,-1.0100849,2016-03-15,23:07:10.31
35.971,9.65955,2.4712758,-0.49033248,2016-03-15,23:07:10.38
36.043,9.757616,2.7262487,-0.37265268,2016-03-15,23:07:10.452
36.112,9.335931,2.3634026,-1.2258313,2016-03-15,23:07:10.521
36.219,8.708305,3.167548,0.0,2016-03-15,23:07:10.628
36.267,9.355544,4.1384063,-0.2157463,2016-03-15,23:07:10.676
36.332,9.286898,4.0109196,0.10787315,2016-03-15,23:07:10.741
36.395,9.326124,3.7853668,-0.8237586,2016-03-15,23:07:10.804
36.471,9.365351,3.4617474,-1.5690639,2016-03-15,23:07:10.88
36.555,9.83607,2.883155,-2.1084297,2016-03-15,23:07:10.964
36.61,9.443804,3.000835,-2.4516625,2016-03-15,23:07:11.019
36.698,9.9047165,2.1084297,-3.0989013,2016-03-15,23:07:11.107
36.785,10.444082,0.84337187,-3.2361944,2016-03-15,23:07:11.194
36.825,8.600431,0.79433864,-0.0588399,2016-03-15,23:07:11.234
36.891,10.699055,0.79433864,-2.9812214,2016-03-15,23:07:11.3
36.908,10.699055,3.167548,-2.9812214,2016-03-15,23:07:11.317
36.963,9.345737,0.79433864,-3.3734875,2016-03-15,23:07:11.372
37.044,9.7183895,1.0885382,-2.3732092,2016-03-15,23:07:11.453
37.127,10.071429,0.56878567,-2.3143694,2016-03-15,23:07:11.536
37.204,9.77723,0.4118793,-1.7848103,2016-03-15,23:07:11.613
37.271,10.159689,0.3334261,-2.3339827,2016-03-15,23:07:11.68
37.339,9.68897,0.78453195,-2.9027684,2016-03-15,23:07:11.748
37.405,9.463417,1.706357,-3.2558076,2016-03-15,23:07:11.814
37.46,9.649743,2.490889,-3.2558076,2016-03-15,23:07:11.869
37.531,9.375157,3.0694814,-3.1381278,2016-03-15,23:07:11.94
37.618,9.139797,3.6284604,-2.4026291,2016-03-15,23:07:12.027
37.698,9.522257,3.6284604,-1.6377105,2016-03-15,23:07:12.107
37.721,9.522257,3.275421,-1.6377105,2016-03-15,23:07:12.13
37.754,9.796844,3.6578803,-2.2064962,2016-03-15,23:07:12.163
37.821,9.561483,2.991028,-1.1081514,2016-03-15,23:07:12.23
37.891,9.120184,2.824315,-1.0591182,2016-03-15,23:07:12.3
37.975,9.169217,3.4911673,-0.951245,2016-03-15,23:07:12.384
38.033,9.335931,3.9422731,-0.78453195,2016-03-15,23:07:12.442
38.128,9.551677,4.177633,-0.7649187,2016-03-15,23:07:12.537
38.197,9.522257,3.638267,-1.6279038,2016-03-15,23:07:12.606
38.25,9.639936,3.383294,-2.010363,2016-03-15,23:07:12.659
38.321,9.473224,2.6968286,-2.5105023,2016-03-15,23:07:12.73
38.391,9.973363,2.5987623,-2.6772153,2016-03-15,23:07:12.8
38.462,9.2378645,2.2751427,-3.2067745,2016-03-15,23:07:12.871
38.533,9.5320635,0.0,-2.6772153,2016-03-15,23:07:12.942
38.617,10.100849,-0.6766588,-1.1081514,2016-03-15,23:07:13.026
38.695,9.414384,2.0005565,-1.6475172,2016-03-15,23:07:13.104
38.74,9.796844,1.1179581,-1.176798,2016-03-15,23:07:13.149
38.813,9.51245,1.3337044,-1.4611908,2016-03-15,23:07:13.222
38.88,9.98317,1.3337044,-1.7259704,2016-03-15,23:07:13.289
38.898,9.98317,0.00980665,-1.7259704,2016-03-15,23:07:13.307
38.953,10.159689,-0.1176798,-1.9122967,2016-03-15,23:07:13.362
39.05,9.639936,0.84337187,-2.0593965,2016-03-15,23:07:13.459
39.129,9.80665,0.9414384,-1.7946169,2016-03-15,23:07:13.538
39.167,9.63013,1.3337044,-1.9809432,2016-03-15,23:07:13.576
39.242,9.83607,1.6671305,-2.2064962,2016-03-15,23:07:13.651
39.311,9.443804,2.441856,-2.5791488,2016-03-15,23:07:13.72
39.381,9.149604,3.4323275,-1.4906107,2016-03-15,23:07:13.79
39.47,9.394771,3.2950344,-1.4808041,2016-03-15,23:07:13.879
39.547,9.198637,3.6480737,-0.951245,2016-03-15,23:07:13.956
39.626,10.100849,3.0694814,-0.951245,2016-03-15,23:07:14.035
39.669,9.4241905,3.334261,-1.0787314,2016-03-15,23:07:14.078
39.742,9.335931,3.5303938,-0.8139519,2016-03-15,23:07:14.151
39.811,9.4241905,3.8344,-0.6864655,2016-03-15,23:07:14.22
39.881,9.48303,3.7657535,-1.0395049,2016-03-15,23:07:14.29
39.951,9.620323,3.4911673,-1.93191,2016-03-15,23:07:14.36
40.039,9.60071,2.853735,-2.2163029,2016-03-15,23:07:14.448
40.104,9.767424,2.853735,-2.2064962,2016-03-15,23:07:14.513
40.146,9.767424,2.3143694,-2.2064962,2016-03-15,23:07:14.555
40.169,9.60071,1.1277647,-1.5004175,2016-03-15,23:07:14.578
40.234,9.463417,1.4121575,-0.75511205,2016-03-15,23:07:14.643
40.311,9.335931,1.3337044,-1.4513842,2016-03-15,23:07:14.72
40.381,10.179302,1.0591182,0.06864655,2016-03-15,23:07:14.79
40.451,10.189109,0.71588546,-0.70607877,2016-03-15,23:07:14.86
40.546,10.277369,0.8237586,-1.0100849,2016-03-15,23:07:14.955
40.621,9.639936,0.9610517,-1.3337044,2016-03-15,23:07:15.03
40.662,10.0910425,0.6472389,-0.78453195,2016-03-15,23:07:15.071
40.732,9.885103,0.1372931,-0.79433864,2016-03-15,23:07:15.141
40.802,10.012589,0.89240515,-1.1964113,2016-03-15,23:07:15.211
40.882,9.54187,1.3533176,-1.3925443,2016-03-15,23:07:15.291
40.95,9.54187,3.334261,-1.7750036,2016-03-15,23:07:15.359
41.038,9.267284,2.5399222,0.0,2016-03-15,23:07:15.447
41.118,9.110377,2.7164419,0.34323275,2016-03-15,23:07:15.527
41.166,10.777508,1.7259704,0.0,2016-03-15,23:07:15.575
41.248,9.48303,2.0495899,-0.28439283,2016-03-15,23:07:15.657
41.301,8.894631,3.0302548,-0.2941995,2016-03-15,23:07:15.71
41.371,9.855683,2.5006957,-0.6472389,2016-03-15,23:07:15.78
41.441,9.208445,2.5006957,-0.8727918,2016-03-15,23:07:15.85
41.473,9.208445,4.1384063,-0.8727918,2016-03-15,23:07:15.882
41.531,9.708583,4.0501466,-0.5001391,2016-03-15,23:07:15.94
41.592,9.061344,3.0400615,-0.32361946,2016-03-15,23:07:16.001
41.662,9.649743,3.3538742,-1.6769371,2016-03-15,23:07:16.071
41.731,9.5320635,2.5889556,-2.2359161,2016-03-15,23:07:16.14
41.802,9.54187,1.6279038,-2.0397832,2016-03-15,23:07:16.211
41.872,10.267562,1.343511,-1.3631244,2016-03-15,23:07:16.281
41.957,9.492837,0.9414384,-0.9022118,2016-03-15,23:07:16.366
42.041,9.031924,2.6183755,0.20593965,2016-03-15,23:07:16.45
42.091,10.071429,1.7651969,-1.0493115,2016-03-15,23:07:16.5
42.161,10.542149,2.3339827,-1.2552512,2016-03-15,23:07:16.57
42.231,9.080957,0.55897903,-1.2944778,2016-03-15,23:07:16.64
42.301,10.189109,0.65704554,-0.89240515,2016-03-15,23:07:16.71
42.371,9.796844,0.8139519,-0.75511205,2016-03-15,23:07:16.78
42.459,9.80665,0.65704554,-1.5690639,2016-03-15,23:07:16.868
42.526,9.639936,1.2258313,-2.0005565,2016-03-15,23:07:16.935
42.599,9.679163,1.8436501,-2.098623,2016-03-15,23:07:17.008
42.657,9.95375,1.8436501,-1.7553903,2016-03-15,23:07:17.066
42.673,9.95375,2.7164419,-1.7553903,2016-03-15,23:07:17.082
42.729,9.80665,3.1283212,-1.7651969,2016-03-15,23:07:17.138
42.801,9.139797,3.108708,-0.84337187,2016-03-15,23:07:17.21
42.887,10.071429,3.1479347,-0.48052585,2016-03-15,23:07:17.296
42.966,9.443804,3.726527,-0.06864655,2016-03-15,23:07:17.375
43.009,9.286898,2.9223816,0.06864655,2016-03-15,23:07:17.418
43.084,9.149604,2.186883,-0.6276256,2016-03-15,23:07:17.493
43.15,9.18883,3.1773546,-0.36284605,2016-03-15,23:07:17.559
43.221,9.57129,3.6578803,-0.3138128,2016-03-15,23:07:17.63
43.291,9.15941,4.118793,-0.1372931,2016-03-15,23:07:17.7
43.388,9.639936,3.7363336,-1.2258313,2016-03-15,23:07:17.797
43.454,9.551677,3.079288,-1.7946169,2016-03-15,23:07:17.863
43.509,9.384964,1.6867437,-1.6867437,2016-03-15,23:07:17.918
43.585,9.973363,1.5984839,-1.6279038,2016-03-15,23:07:17.994
43.655,10.071429,1.4513842,-1.147378,2016-03-15,23:07:18.064
43.717,9.80665,1.3337044,-0.0588399,2016-03-15,23:07:18.126
43.791,9.590903,1.5592573,-0.65704554,2016-03-15,23:07:18.2
43.877,9.80665,1.2160245,-0.49033248,2016-03-15,23:07:18.286
43.956,9.7183895,2.912575,-0.44129923,2016-03-15,23:07:18.365
44.009,9.169217,1.5886773,-0.65704554,2016-03-15,23:07:18.418
44.074,9.943943,0.0784532,-0.60801226,2016-03-15,23:07:18.483
44.151,10.149882,-0.2157463,-0.6766588,2016-03-15,23:07:18.56
44.221,9.669356,0.4511059,-1.2552512,2016-03-15,23:07:18.63
44.291,9.875297,1.2748644,-1.8044236,2016-03-15,23:07:18.7
44.377,9.68897,1.5102241,-1.6377105,2016-03-15,23:07:18.786
44.457,9.698776,2.1378496,-2.010363,2016-03-15,23:07:18.866
44.499,9.60071,2.7360554,-1.3925443,2016-03-15,23:07:18.908
44.574,9.375157,3.079288,-1.6082906,2016-03-15,23:07:18.983
44.641,10.326403,2.8145084,-1.9417167,2016-03-15,23:07:19.05
44.717,9.45361,3.6284604,-1.0002782,2016-03-15,23:07:19.126
44.79,8.845598,3.5990405,-0.38245934,2016-03-15,23:07:19.199
44.878,10.218529,0.70607877,-0.40207264,2016-03-15,23:07:19.287
44.956,9.149604,3.5205872,-1.0493115,2016-03-15,23:07:19.365
44.999,9.394771,3.971693,-0.1569064,2016-03-15,23:07:19.408
45.074,9.45361,4.7660317,-0.049033247,2016-03-15,23:07:19.483
45.14,9.031924,3.697107,-0.16671304,2016-03-15,23:07:19.549
45.211,9.375157,3.2361944,-2.010363,2016-03-15,23:07:19.62
45.281,9.80665,2.8733485,-2.1378496,2016-03-15,23:07:19.69
45.367,9.787037,2.186883,-1.7259704,2016-03-15,23:07:19.776
45.429,9.914523,2.490889,-2.128043,2016-03-15,23:07:19.838
45.499,9.384964,2.4516625,-2.0593965,2016-03-15,23:07:19.908
45.575,9.885103,2.0495899,-1.93191,2016-03-15,23:07:19.984
45.641,9.698776,1.3827376,-1.2356379,2016-03-15,23:07:20.05
45.711,9.620323,0.16671304,-1.4023509,2016-03-15,23:07:20.12
45.782,10.395049,0.12748645,-0.951245,2016-03-15,23:07:20.191
45.868,9.326124,2.3732092,-0.5295591,2016-03-15,23:07:20.277
45.948,9.757616,0.5491724,-0.8237586,2016-03-15,23:07:20.357
45.999,9.98317,0.70607877,-1.2552512,2016-03-15,23:07:20.408
46.064,10.071429,0.70607877,-1.4513842,2016-03-15,23:07:20.473
46.079,10.071429,0.8531785,-1.4513842,2016-03-15,23:07:20.488
46.144,10.267562,0.7747253,-1.8142302,2016-03-15,23:07:20.553
46.211,9.698776,2.4026291,-1.3827376,2016-03-15,23:07:20.62
46.298,9.355544,2.1966896,-1.8436501,2016-03-15,23:07:20.707
46.377,9.414384,2.1084297,-2.0692031,2016-03-15,23:07:20.786
46.419,9.845877,2.0299766,-2.4516625,2016-03-15,23:07:20.828
46.495,9.2378645,3.1773546,-2.128043,2016-03-15,23:07:20.904
46.564,9.620323,3.9128532,-1.6279038,2016-03-15,23:07:20.973
46.63,9.757616,3.9128532,-0.6276256,2016-03-15,23:07:21.039
46.648,9.757616,1.4709975,-0.6276256,2016-03-15,23:07:21.057
46.718,9.492837,2.8733485,-1.90249,2016-03-15,23:07:21.127
46.8,9.090764,2.8733485,-1.176798,2016-03-15,23:07:21.209
46.848,9.335931,3.8245933,-1.539644,2016-03-15,23:07:21.257
46.921,9.816457,3.6774936,-0.97085834,2016-03-15,23:07:21.33
46.991,9.60071,4.756225,-1.8632635,2016-03-15,23:07:21.4
47.063,9.433997,3.0694814,-2.265336,2016-03-15,23:07:21.472
47.13,9.816457,2.4614692,-3.0302548,2016-03-15,23:07:21.539
47.217,9.335931,2.490889,-2.353596,2016-03-15,23:07:21.626
47.297,9.698776,2.3045628,-2.4516625,2016-03-15,23:07:21.706
47.349,9.394771,2.9518015,-2.7262487,2016-03-15,23:07:21.758
47.422,9.394771,1.8730701,-2.775282,2016-03-15,23:07:21.831
47.491,10.287175,1.5886773,-2.6379888,2016-03-15,23:07:21.9
47.564,9.620323,1.539644,-0.61781895,2016-03-15,23:07:21.973
47.63,8.698499,1.7161638,-0.7256921,2016-03-15,23:07:22.039
47.717,10.502922,1.4219642,-1.5690639,2016-03-15,23:07:22.126
47.787,9.620323,1.2258313,-0.5099458,2016-03-15,23:07:22.196
47.843,9.963556,0.8139519,-0.83356524,2016-03-15,23:07:22.252
47.916,9.885103,1.0885382,-1.1179581,2016-03-15,23:07:22.325
47.981,10.081236,1.1081514,-1.6671305,2016-03-15,23:07:22.39
48.053,9.433997,2.0201697,-1.3827376,2016-03-15,23:07:22.462
48.131,9.796844,2.010363,-1.2650578,2016-03-15,23:07:22.54
48.217,8.982891,2.1084297,-1.6671305,2016-03-15,23:07:22.626
48.297,10.140076,2.2261095,-1.8926834,2016-03-15,23:07:22.706
48.339,9.277091,2.2555294,-2.2359161,2016-03-15,23:07:22.748
48.411,9.551677,2.991028,-1.9221034,2016-03-15,23:07:22.82
48.481,9.620323,2.294756,-1.3337044,2016-03-15,23:07:22.89
48.553,9.18883,3.246001,-1.1375713,2016-03-15,23:07:22.962
48.62,9.708583,3.246001,-1.1277647,2016-03-15,23:07:23.029
48.664,9.708583,2.7164419,-1.1277647,2016-03-15,23:07:23.073
48.706,9.51245,3.000835,-0.8139519,2016-03-15,23:07:23.115
48.77,9.86549,2.5889556,-0.89240515,2016-03-15,23:07:23.179
48.845,9.208445,1.6867437,-0.32361946,2016-03-15,23:07:23.254
48.911,9.885103,2.6183755,-0.088259846,2016-03-15,23:07:23.32
48.981,9.45361,2.432049,0.7649187,2016-03-15,23:07:23.39
49.053,10.130269,2.1966896,-0.3138128,2016-03-15,23:07:23.462
49.137,9.65955,1.99075,0.38245934,2016-03-15,23:07:23.546
49.215,9.767424,1.8436501,0.5295591,2016-03-15,23:07:23.624
49.271,10.336209,2.1182363,-0.56878567,2016-03-15,23:07:23.68
49.341,9.473224,1.6279038,0.6472389,2016-03-15,23:07:23.75
49.411,10.169496,1.4513842,0.40207264,2016-03-15,23:07:23.82
49.481,8.16894,2.3928225,1.7553903,2016-03-15,23:07:23.89
49.554,8.767145,0.57859236,2.2751427,2016-03-15,23:07:23.963
49.637,8.845598,0.93163174,2.7654753,2016-03-15,23:07:24.046
49.723,9.002504,0.88259846,2.8047018,2016-03-15,23:07:24.132
49.769,9.15941,0.9610517,2.9714148,2016-03-15,23:07:24.178
49.831,9.306511,1.1277647,2.9321883,2016-03-15,23:07:24.24
49.914,8.610238,1.2356379,2.657602,2016-03-15,23:07:24.323
50.0,9.610517,1.2160245,2.4516625,2016-03-15,23:07:24.409
50.065,9.061344,1.4611908,2.3339827,2016-03-15,23:07:24.474
50.148,9.198637,0.8237586,2.0888164,2016-03-15,23:07:24.557
50.209,9.394771,1.8142302,2.490889,2016-03-15,23:07:24.618
50.337,9.15941,1.3140911,2.098623,2016-03-15,23:07:24.746
50.377,9.679163,1.6671305,1.5690639,2016-03-15,23:07:24.786
50.429,9.18883,1.5102241,2.0593965,2016-03-15,23:07:24.838
