0.076,-10.444082,-0.2353596,1.5788707,1980-01-05,17:10:28.93
0.144,-10.296982,-0.0392266,0.61781895,1980-01-05,17:10:28.998
0.214,-10.032203,-0.2353596,0.71588546,1980-01-05,17:10:29.068
0.274,-9.335931,-0.00980665,0.44129923,1980-01-05,17:10:29.128
0.351,-9.757616,0.14709975,0.30400613,1980-01-05,17:10:29.205
0.424,-9.590903,0.20593965,0.7747253,1980-01-05,17:10:29.278
0.498,-9.708583,0.71588546,1.0983448,1980-01-05,17:10:29.352
0.568,-9.826263,0.8531785,1.5984839,1980-01-05,17:10:29.422
0.639,-9.855683,0.1569064,1.5788707,1980-01-05,17:10:29.493
0.71,-9.306511,0.02941995,1.539644,1980-01-05,17:10:29.564
0.785,-9.581097,0.588399,0.6668522,1980-01-05,17:10:29.639
0.856,-10.434276,0.1372931,-0.0588399,1980-01-05,17:10:29.71
0.926,-9.110377,0.32361946,-0.69627213,1980-01-05,17:10:29.78
0.996,-8.884825,0.22555295,-1.7161638,1980-01-05,17:10:29.85
1.071,-8.8652115,0.088259846,-3.7461402,1980-01-05,17:10:29.925
1.148,-10.238142,-0.06864655,-4.0403395,1980-01-05,17:10:30.002
1.219,-8.433719,1.1277647,-5.2857842,1980-01-05,17:10:30.073
1.292,-7.58054,-0.98066497,-8.629851,1980-01-05,17:10:30.146
1.363,-6.3154826,-1.4808041,-9.0515375,1980-01-05,17:10:30.217
1.449,-3.6284604,-2.098623,-8.933858,1980-01-05,17:10:30.303
1.506,-2.853735,-2.186883,-8.374879,1980-01-05,17:10:30.36
1.582,-3.4519408,-1.8142302,-8.924051,1980-01-05,17:10:30.436
1.653,-3.3244543,-1.3238977,-7.806093,1980-01-05,17:10:30.507
1.724,-3.2263877,-0.49033248,-8.16894,1980-01-05,17:10:30.578
1.8,-2.3732092,-0.6668522,-11.169774,1980-01-05,17:10:30.654
1.871,0.38245934,3.89324,-16.435946,1980-01-05,17:10:30.725
1.942,-2.441856,-5.85457,-11.071708,1980-01-05,17:10:30.796
2.013,-0.7747253,2.3045628,-10.679441,1980-01-05,17:10:30.867
2.085,-0.69627213,-0.36284605,-9.247671,1980-01-05,17:10:30.939
2.161,-0.14709975,2.265336,-10.081236,1980-01-05,17:10:31.015
2.233,-0.24516624,0.17651969,-10.032203,1980-01-05,17:10:31.087
2.303,-0.1372931,1.4513842,-10.836348,1980-01-05,17:10:31.157
2.374,-0.37265268,0.88259846,-10.885382,1980-01-05,17:10:31.228
2.45,-0.2549729,1.2160245,-10.708861,1980-01-05,17:10:31.304
2.521,-0.6472389,-0.6374322,-9.83607,1980-01-05,17:10:31.375
2.592,-1.372931,1.8142302,-9.92433,1980-01-05,17:10:31.446
2.663,-1.3140911,0.46091253,-10.267562,1980-01-05,17:10:31.517
2.75,-0.4118793,1.0100849,-9.394771,1980-01-05,17:10:31.604
2.806,-1.0787314,2.0201697,-13.160524,1980-01-05,17:10:31.66
2.882,-1.9221034,-4.1874394,-8.453332,1980-01-05,17:10:31.736
2.958,-2.687022,-0.44129923,-10.228335,1980-01-05,17:10:31.812
3.029,-1.4415776,-0.3138128,-10.7578945,1980-01-05,17:10:31.883
3.101,-2.4614692,-0.3138128,-10.659828,1980-01-05,17:10:31.955
3.17,-2.4516625,-0.20593965,-9.002504,1980-01-05,17:10:32.024
3.24,-1.0689248,0.6668522,-9.002504,1980-01-05,17:10:32.094
3.314,-1.3533176,-2.5595355,-12.268119,1980-01-05,17:10:32.168
3.388,-0.60801226,0.8041453,-11.307067,1980-01-05,17:10:32.242
3.463,-0.6276256,0.24516624,-10.120462,1980-01-05,17:10:32.317
3.535,-0.6864655,0.10787315,-10.228335,1980-01-05,17:10:32.389
3.607,-2.745862,0.24516624,-9.885103,1980-01-05,17:10:32.461
3.676,-1.0493115,0.17651969,-10.542149,1980-01-05,17:10:32.53
3.746,-1.5788707,-0.42168593,-11.110934,1980-01-05,17:10:32.6
3.816,-1.6573238,-0.7256921,-9.943943,1980-01-05,17:10:32.67
3.896,-1.6671305,-0.6472389,-10.346016,1980-01-05,17:10:32.75
3.96,-1.6180972,-0.6472389,-10.267562,1980-01-05,17:10:32.814
3.993,-1.6180972,-0.37265268,-10.267562,1980-01-05,17:10:32.847
4.038,-1.6573238,-0.32361946,-10.032203,1980-01-05,17:10:32.892
4.104,-1.7946169,-0.32361946,-10.355823,1980-01-05,17:10:32.958
4.12,-1.7946169,-0.48052585,-10.355823,1980-01-05,17:10:32.974
4.187,-2.098623,-0.5099458,-9.335931,1980-01-05,17:10:33.041
4.254,-2.1672697,-0.5295591,-9.92433,1980-01-05,17:10:33.108
4.325,-2.0299766,-0.49033248,-10.287175,1980-01-05,17:10:33.179
4.396,-1.8828768,-0.1569064,-10.100849,1980-01-05,17:10:33.25
4.47,-2.1476562,-0.588399,-10.061623,1980-01-05,17:10:33.324
4.541,-2.5399222,0.60801226,-12.385798,1980-01-05,17:10:33.395
4.613,-2.1084297,1.3140911,-10.650022,1980-01-05,17:10:33.467
4.684,-2.4516625,-2.010363,-8.816178,1980-01-05,17:10:33.538
4.754,-2.6183755,-2.010363,-8.816178,1980-01-05,17:10:33.608
4.771,-2.6183755,0.9610517,-9.92433,1980-01-05,17:10:33.625
4.837,-1.6279038,0.06864655,-8.423912,1980-01-05,17:10:33.691
4.908,-0.61781895,0.42168593,-11.787593,1980-01-05,17:10:33.762
4.982,-0.89240515,1.5004175,-9.286898,1980-01-05,17:10:33.836
5.053,-5.3838506,0.70607877,-8.345459,1980-01-05,17:10:33.907
5.124,-3.5402005,-0.38245934,-10.002783,1980-01-05,17:10:33.978
5.197,-2.9518015,0.098066494,-9.120184,1980-01-05,17:10:34.051
5.273,-0.7256921,0.0588399,-9.80665,1980-01-05,17:10:34.127
5.344,0.65704554,-0.28439283,-12.101406,1980-01-05,17:10:34.198
5.416,0.78453195,-1.3827376,-14.062736,1980-01-05,17:10:34.27
5.49,-3.7853668,4.6973853,-5.187718,1980-01-05,17:10:34.344
5.55,-4.197246,4.6973853,-9.345737,1980-01-05,17:10:34.404
5.567,-4.197246,-1.2846711,-9.345737,1980-01-05,17:10:34.421
5.633,-1.8338435,0.00980665,-8.237586,1980-01-05,17:10:34.487
5.704,-2.520309,-4.6189322,-12.415218,1980-01-05,17:10:34.558
5.774,-2.7948952,0.0,-9.443804,1980-01-05,17:10:34.628
5.845,-0.9022118,-0.049033247,-9.316318,1980-01-05,17:10:34.699
5.918,-1.7848103,0.20593965,-10.336209,1980-01-05,17:10:34.772
5.992,-1.6475172,-0.1176798,-10.581375,1980-01-05,17:10:34.846
6.063,-2.2457228,0.10787315,-10.473502,1980-01-05,17:10:34.917
6.134,-2.4124358,-0.22555295,-10.542149,1980-01-05,17:10:34.988
6.204,-2.9223816,0.0196133,-10.120462,1980-01-05,17:10:35.058
6.299,-2.775282,-0.19613299,-9.522257,1980-01-05,17:10:35.153
6.353,-2.883155,-0.18632634,-9.89491,1980-01-05,17:10:35.207
6.423,-2.9616082,0.0,-9.639936,1980-01-05,17:10:35.277
6.5,-2.8145084,-0.088259846,-9.98317,1980-01-05,17:10:35.354
6.571,-3.3538742,-0.30400613,-10.042009,1980-01-05,17:10:35.425
6.642,-3.7853668,-0.71588546,-9.65955,1980-01-05,17:10:35.496
6.713,-3.6088471,-0.65704554,-9.845877,1980-01-05,17:10:35.567
6.784,-3.1283212,-0.1569064,-9.60071,1980-01-05,17:10:35.638
6.855,-3.80498,-0.20593965,-9.610517,1980-01-05,17:10:35.709
6.926,-3.0204482,0.74530536,-10.5715685,1980-01-05,17:10:35.78
7.002,-4.305119,-1.2846711,-10.257755,1980-01-05,17:10:35.856
7.073,-3.383294,-1.0395049,-10.130269,1980-01-05,17:10:35.927
7.144,-3.412714,-0.5491724,-9.335931,1980-01-05,17:10:35.998
7.215,-3.2263877,-0.4511059,-9.522257,1980-01-05,17:10:36.069
7.286,-3.5205872,0.46091253,-9.738003,1980-01-05,17:10:36.14
7.367,-3.3636808,0.049033247,-9.610517,1980-01-05,17:10:36.221
7.438,-3.550007,-0.0196133,-9.80665,1980-01-05,17:10:36.292
7.514,-3.1577413,0.1569064,-10.336209,1980-01-05,17:10:36.368
7.59,-3.1773546,-0.098066494,-10.002783,1980-01-05,17:10:36.444
7.649,-3.7951734,0.06864655,-10.120462,1980-01-05,17:10:36.503
7.724,-3.4225209,0.2941995,-9.60071,1980-01-05,17:10:36.578
7.795,-2.883155,0.12748645,-9.041731,1980-01-05,17:10:36.649
7.866,-4.1384063,-0.34323275,-9.92433,1980-01-05,17:10:36.72
7.938,-3.108708,0.22555295,-10.365629,1980-01-05,17:10:36.792
8.012,-3.550007,-0.14709975,-9.610517,1980-01-05,17:10:36.866
8.083,-3.4617474,-0.24516624,-9.914523,1980-01-05,17:10:36.937
8.154,-3.8540134,-0.10787315,-9.738003,1980-01-05,17:10:37.008
8.225,-3.6088471,-0.06864655,-9.54187,1980-01-05,17:10:37.079
8.307,-3.471554,-0.30400613,-10.120462,1980-01-05,17:10:37.161
8.376,-3.726527,-0.098066494,-9.267284,1980-01-05,17:10:37.23
8.448,-3.9422731,-0.22555295,-9.463417,1980-01-05,17:10:37.302
8.527,-3.726527,-0.16671304,-9.57129,1980-01-05,17:10:37.381
8.587,-3.7755601,-0.098066494,-9.77723,1980-01-05,17:10:37.441
8.667,-3.8344,-0.06864655,-9.610517,1980-01-05,17:10:37.521
8.738,-3.7167203,0.0,-10.149882,1980-01-05,17:10:37.592
8.809,-3.8442068,-0.10787315,-9.610517,1980-01-05,17:10:37.663
8.896,-4.001113,-0.049033247,-9.502644,1980-01-05,17:10:37.75
8.976,-4.148213,-0.3334261,-8.776952,1980-01-05,17:10:37.83
9.026,-3.304841,0.16671304,-7.5217004,1980-01-05,17:10:37.88
9.096,-3.3440676,1.343511,-6.8450418,1980-01-05,17:10:37.95
9.166,-3.2656143,-2.0397832,-7.5118937,1980-01-05,17:10:38.02
9.236,-3.3734875,-2.0397832,-9.267284,1980-01-05,17:10:38.09
9.252,-3.3734875,0.2353596,-9.267284,1980-01-05,17:10:38.106
9.318,-3.5303938,-0.5295591,-9.463417,1980-01-05,17:10:38.172
9.389,-1.6965504,-0.28439283,-9.247671,1980-01-05,17:10:38.243
9.46,-2.0397832,-1.1277647,-10.7578945,1980-01-05,17:10:38.314
9.537,-2.0299766,-1.2748644,-13.121298,1980-01-05,17:10:38.391
9.607,-3.2067745,-1.147378,-15.092434,1980-01-05,17:10:38.461
9.677,-2.9714148,-1.4709975,-14.827655,1980-01-05,17:10:38.531
9.746,-2.775282,-1.8534569,-12.581932,1980-01-05,17:10:38.6
9.816,-2.1574628,-2.2163029,-11.209001,1980-01-05,17:10:38.67
9.886,-2.853735,-0.34323275,-10.620602,1980-01-05,17:10:38.74
9.97,-3.0400615,-0.4118793,-10.012589,1980-01-05,17:10:38.824
10.042,-3.4617474,-0.16671304,-11.081514,1980-01-05,17:10:38.896
10.119,-3.6774936,-0.16671304,-11.071708,1980-01-05,17:10:38.973
10.124,-3.6774936,-0.40207264,-11.071708,1980-01-05,17:10:38.978
10.18,-3.7461402,0.10787315,-8.757339,1980-01-05,17:10:39.034
10.253,-3.3931007,-0.1176798,-2.608569,1980-01-05,17:10:39.107
10.324,-4.0109196,-0.4118793,-2.8439283,1980-01-05,17:10:39.178
10.395,-4.579705,0.4314926,-5.658437,1980-01-05,17:10:39.249
10.468,-3.9913065,0.28439283,-5.903603,1980-01-05,17:10:39.322
10.542,-3.108708,0.16671304,-8.973084,1980-01-05,17:10:39.396
10.614,-3.383294,0.6276256,-10.159689,1980-01-05,17:10:39.468
10.685,-2.657602,0.4511059,-12.071986,1980-01-05,17:10:39.539
10.756,-2.657602,-1.6279038,-12.689805,1980-01-05,17:10:39.61
10.827,-3.5990405,-0.9904716,-14.101962,1980-01-05,17:10:39.681
10.907,-4.1285996,-1.1669914,-14.543262,1980-01-05,17:10:39.761
10.983,-3.2950344,-1.2650578,-13.415497,1980-01-05,17:10:39.837
11.048,-2.9616082,-1.6279038,-11.6503,1980-01-05,17:10:39.902
11.118,-2.657602,-0.83356524,-10.502922,1980-01-05,17:10:39.972
11.189,-3.1381278,0.0,-10.620602,1980-01-05,17:10:40.043
11.26,-3.000835,-0.16671304,-10.591182,1980-01-05,17:10:40.114
11.331,-3.5402005,0.2157463,-9.963556,1980-01-05,17:10:40.185
11.437,-4.7758384,0.2157463,-9.738003,1980-01-05,17:10:40.291
11.443,-4.7758384,0.19613299,-9.738003,1980-01-05,17:10:40.297
11.48,-3.2656143,0.0,-3.6088471,1980-01-05,17:10:40.334
11.552,-1.8632635,-1.5004175,-2.520309,1980-01-05,17:10:40.406
11.628,-5.403464,1.0296983,-7.63938,1980-01-05,17:10:40.482
11.697,-1.4611908,-1.0493115,-6.8744617,1980-01-05,17:10:40.551
11.767,-3.1479347,0.8629852,-7.531507,1980-01-05,17:10:40.621
11.838,-2.3830159,-0.65704554,-9.943943,1980-01-05,17:10:40.692
11.909,-2.9321883,-0.8139519,-10.934415,1980-01-05,17:10:40.763
11.998,-2.0692031,0.6472389,-12.258312,1980-01-05,17:10:40.852
12.059,-3.2558076,-1.0493115,-14.543262,1980-01-05,17:10:40.913
12.13,-4.393379,-0.9904716,-14.906108,1980-01-05,17:10:40.984
12.201,-3.2067745,-1.4808041,-13.6900835,1980-01-05,17:10:41.055
12.272,-2.0005565,-1.4808041,-11.866046,1980-01-05,17:10:41.126
12.343,-2.8439283,-1.6671305,-10.257755,1980-01-05,17:10:41.197
12.414,-2.2849493,-0.0784532,-10.650022,1980-01-05,17:10:41.268
12.496,-2.7262487,0.02941995,-11.189387,1980-01-05,17:10:41.35
12.561,-3.1479347,-0.34323275,-10.679441,1980-01-05,17:10:41.415
12.634,-3.167548,-0.0784532,-9.4241905,1980-01-05,17:10:41.488
12.707,-4.256086,-1.4611908,-9.65955,1980-01-05,17:10:41.561
12.785,-3.5696206,0.32361946,-3.9520798,1980-01-05,17:10:41.639
12.856,-2.7360554,-2.0888164,-3.638267,1980-01-05,17:10:41.71
12.926,-4.903325,0.588399,-6.1487694,1980-01-05,17:10:41.78
12.998,-3.167548,-0.40207264,-5.187718,1980-01-05,17:10:41.852
13.07,-2.608569,0.0588399,-7.4334407,1980-01-05,17:10:41.924
13.141,-2.7066352,-0.49033248,-9.669356,1980-01-05,17:10:41.995
13.213,-2.9518015,-1.5298374,-10.718668,1980-01-05,17:10:42.067
13.284,-1.6965504,-0.18632634,-11.53262,1980-01-05,17:10:42.138
13.355,-3.0204482,-1.6377105,-14.209835,1980-01-05,17:10:42.209
13.426,-3.8834333,-1.1866046,-15.42586,1980-01-05,17:10:42.28
13.51,-3.550007,-1.1179581,-14.1706085,1980-01-05,17:10:42.364
13.582,-2.4222424,-0.18632634,-12.121019,1980-01-05,17:10:42.436
13.644,-3.1969678,-0.32361946,-10.522535,1980-01-05,17:10:42.498
13.718,-2.5889556,-1.0296983,-10.140076,1980-01-05,17:10:42.572
13.787,-2.6183755,-0.5001391,-11.228614,1980-01-05,17:10:42.641
13.867,-2.991028,-0.22555295,-10.247949,1980-01-05,17:10:42.721
13.936,-3.3146477,-0.2549729,-9.963556,1980-01-05,17:10:42.79
14.029,-3.5794272,-0.6766588,-7.5413136,1980-01-05,17:10:42.883
14.08,-3.5303938,-0.049033247,-3.971693,1980-01-05,17:10:42.934
14.152,-3.9913065,-0.7649187,-4.030533,1980-01-05,17:10:43.006
14.223,-4.7660317,-1.0689248,-5.393657,1980-01-05,17:10:43.077
14.295,-2.7262487,-0.5001391,-7.923773,1980-01-05,17:10:43.149
14.366,-2.9321883,0.12748645,-7.7766733,1980-01-05,17:10:43.22
14.436,-2.294756,0.12748645,-9.98317,1980-01-05,17:10:43.29
14.52,-1.7651969,0.1569064,-9.98317,1980-01-05,17:10:43.374
14.586,-2.5889556,0.12748645,-11.973919,1980-01-05,17:10:43.44
14.657,-2.5889556,-2.353596,-14.180415,1980-01-05,17:10:43.511
14.727,-3.471554,-1.0983448,-14.631521,1980-01-05,17:10:43.581
14.796,-3.559814,-1.6180972,-13.199751,1980-01-05,17:10:43.65
14.877,-2.7850885,-1.3337044,-11.915079,1980-01-05,17:10:43.731
14.946,-2.912575,-1.372931,-12.121019,1980-01-05,17:10:43.8
15.016,-2.912575,-1.2454445,-10.826541,1980-01-05,17:10:43.87
15.092,-4.1874394,0.5001391,-10.208722,1980-01-05,17:10:43.946
15.163,-4.0109196,-0.49033248,-10.081236,1980-01-05,17:10:44.017
15.234,-3.697107,0.2745862,-9.080957,1980-01-05,17:10:44.088
15.321,-3.7559469,0.38245934,-8.16894,1980-01-05,17:10:44.175
15.382,-3.0694814,-0.46091253,-4.726805,1980-01-05,17:10:44.236
15.454,-3.9520798,-1.2062179,-3.3931007,1980-01-05,17:10:44.308
15.525,-3.8344,0.28439283,-7.531507,1980-01-05,17:10:44.379
15.601,-3.6088471,-0.1569064,-5.874183,1980-01-05,17:10:44.455
15.672,-2.186883,-0.02941995,-5.6976633,1980-01-05,17:10:44.526
15.743,-3.0989013,-0.5295591,-8.345459,1980-01-05,17:10:44.597
15.815,-2.5987623,-0.6472389,-9.747809,1980-01-05,17:10:44.669
15.885,-2.0397832,-1.0885382,-11.6110735,1980-01-05,17:10:44.739
15.956,-2.3830159,-1.3042845,-14.729588,1980-01-05,17:10:44.81
16.026,-2.8145084,-0.9904716,-16.347685,1980-01-05,17:10:44.88
16.098,-3.167548,-1.3533176,-14.072542,1980-01-05,17:10:44.952
16.172,-1.8534569,-0.8629852,-12.111213,1980-01-05,17:10:45.026
16.246,-1.3140911,-1.0591182,-11.826819,1980-01-05,17:10:45.1
16.316,-2.8929617,-1.1964113,-10.042009,1980-01-05,17:10:45.17
16.386,-2.3437893,-1.6671305,-10.532342,1980-01-05,17:10:45.24
16.456,-2.5006957,-2.1378496,-10.0910425,1980-01-05,17:10:45.31
16.553,-2.6477954,-1.5102241,-9.738003,1980-01-05,17:10:45.407
16.608,-2.294756,-1.2258313,-9.228058,1980-01-05,17:10:45.462
16.677,-3.4617474,-0.24516624,-9.473224,1980-01-05,17:10:45.531
16.748,-3.9422731,0.12748645,-10.444082,1980-01-05,17:10:45.602
16.827,-3.7363336,0.16671304,-8.904438,1980-01-05,17:10:45.681
16.899,-2.1378496,-0.9610517,-2.8733485,1980-01-05,17:10:45.753
16.969,-4.501252,-0.83356524,-6.266449,1980-01-05,17:10:45.823
17.04,-3.1969678,0.049033247,-9.0515375,1980-01-05,17:10:45.894
17.115,-4.256086,0.16671304,-8.227779,1980-01-05,17:10:45.969
17.185,-1.8730701,-0.0784532,-7.835513,1980-01-05,17:10:46.039
17.256,-3.1969678,-1.0885382,-9.502644,1980-01-05,17:10:46.11
17.326,-2.490889,-0.12748645,-10.650022,1980-01-05,17:10:46.18
17.396,-2.2751427,-0.28439283,-12.101406,1980-01-05,17:10:46.25
17.477,-2.324176,-0.74530536,-13.37627,1980-01-05,17:10:46.331
17.546,-2.5693421,-1.147378,-13.964669,1980-01-05,17:10:46.4
17.618,-3.1577413,-1.5788707,-14.631521,1980-01-05,17:10:46.472
17.692,-2.657602,-0.4511059,-11.934692,1980-01-05,17:10:46.546
17.765,-1.3827376,0.0196133,-11.846433,1980-01-05,17:10:46.619
17.848,-2.657602,-0.6864655,-10.748088,1980-01-05,17:10:46.702
17.905,-2.0790098,-0.49033248,-10.806928,1980-01-05,17:10:46.759
17.981,-3.0890946,-0.19613299,-9.590903,1980-01-05,17:10:46.835
18.052,-2.6968286,-0.20593965,-10.748088,1980-01-05,17:10:46.906
18.124,-2.3732092,-0.18632634,-11.277647,1980-01-05,17:10:46.978
18.199,-3.7559469,-0.74530536,-10.542149,1980-01-05,17:10:47.053
18.27,-3.8245933,-1.2944778,-9.649743,1980-01-05,17:10:47.124
18.341,-3.2558076,2.1770763,-6.2958694,1980-01-05,17:10:47.195
18.411,-2.294756,-2.010363,-4.452219,1980-01-05,17:10:47.265
18.482,-4.8052583,1.1866046,-8.1983595,1980-01-05,17:10:47.336
18.554,-3.0989013,0.46091253,-6.2468357,1980-01-05,17:10:47.408
18.625,-2.4124358,-0.32361946,-8.973084,1980-01-05,17:10:47.479
18.696,-2.3143694,-0.4511059,-7.4432473,1980-01-05,17:10:47.55
18.772,-3.000835,-0.0392266,-9.9047165,1980-01-05,17:10:47.626
18.844,-2.5595355,-0.8139519,-10.404856,1980-01-05,17:10:47.698
18.915,-2.2849493,-0.24516624,-12.258312,1980-01-05,17:10:47.769
18.985,-2.432049,-1.1571847,-12.581932,1980-01-05,17:10:47.839
19.056,-2.0397832,-1.9122967,-13.278204,1980-01-05,17:10:47.91
19.153,-3.334261,-1.1866046,-14.258869,1980-01-05,17:10:48.007
19.214,-3.412714,-1.4023509,-12.640772,1980-01-05,17:10:48.068
19.283,-1.6867437,-1.7651969,-12.356379,1980-01-05,17:10:48.137
19.354,-2.9518015,-1.5592573,-10.855961,1980-01-05,17:10:48.208
19.425,-2.2359161,-1.2552512,-9.581097,1980-01-05,17:10:48.279
19.496,-2.912575,-0.8727918,-10.002783,1980-01-05,17:10:48.35
19.566,-2.745862,-2.0888164,-9.943943,1980-01-05,17:10:48.42
19.637,-2.432049,0.0,-10.679441,1980-01-05,17:10:48.491
19.717,-3.079288,-0.84337187,-9.679163,1980-01-05,17:10:48.571
19.786,-2.8145084,-0.30400613,-9.9047165,1980-01-05,17:10:48.64
19.857,-4.648352,0.24516624,-7.58054,1980-01-05,17:10:48.711
19.926,-2.432049,-0.61781895,-4.344346,1980-01-05,17:10:48.78
19.996,-4.06976,-1.2258313,-5.2563643,1980-01-05,17:10:48.85
20.077,-3.4519408,0.5393657,-5.403464,1980-01-05,17:10:48.931
20.146,-3.1479347,-1.0100849,-8.1101,1980-01-05,17:10:49.0
20.218,-3.5794272,-0.70607877,-9.581097,1980-01-05,17:10:49.072
20.292,-2.6968286,-1.0689248,-9.45361,1980-01-05,17:10:49.146
20.363,-2.3830159,-0.40207264,-10.600988,1980-01-05,17:10:49.217
20.45,-2.4026291,-1.147378,-11.022675,1980-01-05,17:10:49.304
20.511,-2.883155,-1.0787314,-12.366185,1980-01-05,17:10:49.365
20.583,-3.6480737,-1.9711366,-14.082349,1980-01-05,17:10:49.437
20.654,-3.6284604,-2.0692031,-14.219642,1980-01-05,17:10:49.508
20.725,-2.4026291,-1.7553903,-12.778065,1980-01-05,17:10:49.579
20.801,-2.775282,-1.8338435,-10.904995,1980-01-05,17:10:49.655
20.862,-3.0989013,-0.3138128,-11.042288,1980-01-05,17:10:49.716
20.944,-2.9321883,-0.46091253,-10.238142,1980-01-05,17:10:49.798
21.015,-2.432049,-0.7747253,-10.895188,1980-01-05,17:10:49.869
21.086,-4.0109196,-1.0100849,-9.639936,1980-01-05,17:10:49.94
21.156,-3.6480737,-0.60801226,-9.473224,1980-01-05,17:10:50.01
21.226,-4.903325,-0.6276256,-8.688692,1980-01-05,17:10:50.08
21.299,-3.8834333,0.97085834,-7.590347,1980-01-05,17:10:50.153
21.37,-3.3734875,-0.5982056,-2.7556686,1980-01-05,17:10:50.224
21.441,-4.883712,-0.60801226,-6.746975,1980-01-05,17:10:50.295
21.512,-3.6873002,-0.60801226,-5.8153434,1980-01-05,17:10:50.366
21.528,-3.6873002,-0.83356524,-5.8153434,1980-01-05,17:10:50.382
21.583,-3.638267,-0.83356524,-7.5118937,1980-01-05,17:10:50.437
21.615,-3.638267,0.56878567,-7.5118937,1980-01-05,17:10:50.469
21.671,-4.0991797,-1.2258313,-8.580818,1980-01-05,17:10:50.525
21.733,-3.4813607,-0.10787315,-9.738003,1980-01-05,17:10:50.587
21.804,-2.5889556,-0.1176798,-10.179302,1980-01-05,17:10:50.658
21.882,-3.0204482,-1.4513842,-11.6503,1980-01-05,17:10:50.736
21.954,-2.8733485,-0.7256921,-13.797956,1980-01-05,17:10:50.808
22.025,-2.9812214,-1.372931,-14.700168,1980-01-05,17:10:50.879
22.096,-3.4617474,-1.5690639,-14.347129,1980-01-05,17:10:50.95
22.166,-3.559814,-1.0983448,-11.660107,1980-01-05,17:10:51.02
22.237,-2.3928225,-1.8828768,-12.326959,1980-01-05,17:10:51.091
22.308,-2.8929617,-0.78453195,-10.620602,1980-01-05,17:10:51.162
22.382,-2.7556686,-0.48052585,-10.022396,1980-01-05,17:10:51.236
22.453,-3.4519408,-1.176798,-9.973363,1980-01-05,17:10:51.307
22.523,-3.0694814,0.2745862,-8.953471,1980-01-05,17:10:51.377
22.594,-2.657602,0.2745862,-8.659272,1980-01-05,17:10:51.448
22.611,-2.657602,0.7354987,-8.659272,1980-01-05,17:10:51.465
22.677,-2.9616082,-0.088259846,-11.581654,1980-01-05,17:10:51.531
22.746,-3.9815,-0.5491724,-10.277369,1980-01-05,17:10:51.6
22.819,-3.697107,0.588399,-6.913688,1980-01-05,17:10:51.673
22.891,-1.7161638,-0.951245,-3.4911673,1980-01-05,17:10:51.745
22.964,-5.119071,-0.588399,-7.4432473,1980-01-05,17:10:51.818
23.035,-2.608569,-0.588399,-7.354987,1980-01-05,17:10:51.889
23.106,-3.5696206,-1.2160245,-6.864655,1980-01-05,17:10:51.96
23.176,-2.4026291,-0.02941995,-8.002226,1980-01-05,17:10:52.03
23.246,-2.853735,-0.7256921,-9.2378645,1980-01-05,17:10:52.1
23.33,-2.3045628,-0.28439283,-9.9047165,1980-01-05,17:10:52.184
23.402,-2.4516625,-0.7649187,-11.3561,1980-01-05,17:10:52.256
23.462,-2.941995,-2.0790098,-12.758451,1980-01-05,17:10:52.316
23.544,-3.2067745,-1.8436501,-14.298096,1980-01-05,17:10:52.398
23.615,-3.4519408,-1.147378,-14.700168,1980-01-05,17:10:52.469
23.685,-3.3146477,-0.88259846,-12.179859,1980-01-05,17:10:52.539
23.756,-2.0397832,-1.6377105,-12.366185,1980-01-05,17:10:52.61
23.828,-2.0593965,-0.56878567,-10.728475,1980-01-05,17:10:52.682
23.902,-2.5987623,-0.9414384,-10.081236,1980-01-05,17:10:52.756
23.974,-2.5987623,-1.4906107,-9.943943,1980-01-05,17:10:52.828
24.061,-2.8635418,-0.8139519,-10.346016,1980-01-05,17:10:52.915
24.118,-3.1969678,-0.70607877,-10.924608,1980-01-05,17:10:52.972
24.194,-5.0308113,-0.5491724,-9.433997,1980-01-05,17:10:53.048
24.265,-3.1577413,0.39226598,-10.1989155,1980-01-05,17:10:53.119
24.336,-4.089373,0.19613299,-6.8450418,1980-01-05,17:10:53.19
24.412,-2.912575,-0.1176798,-3.697107,1980-01-05,17:10:53.266
24.483,-4.7169986,-1.3140911,-6.2958694,1980-01-05,17:10:53.337
24.554,-3.412714,0.098066494,-6.864655,1980-01-05,17:10:53.408
24.625,-3.6578803,0.098066494,-6.442969,1980-01-05,17:10:53.479
24.696,-2.441856,-0.74530536,-8.227779,1980-01-05,17:10:53.55
24.766,-2.9223816,-0.02941995,-9.787037,1980-01-05,17:10:53.62
24.846,-2.1770763,-0.37265268,-10.130269,1980-01-05,17:10:53.7
24.916,-2.0692031,-0.14709975,-10.561762,1980-01-05,17:10:53.77
24.987,-2.294756,-1.5690639,-13.327237,1980-01-05,17:10:53.841
25.056,-2.265336,-1.6769371,-15.16108,1980-01-05,17:10:53.91
25.126,-2.3045628,-1.6671305,-15.3179865,1980-01-05,17:10:53.98
25.196,-2.0888164,-1.1964113,-12.552511,1980-01-05,17:10:54.05
25.278,-1.99075,-0.7354987,-11.258034,1980-01-05,17:10:54.132
25.371,-2.4614692,-2.1574628,-10.581375,1980-01-05,17:10:54.225
25.419,-2.745862,-1.4513842,-9.581097,1980-01-05,17:10:54.273
25.491,-2.608569,-0.9022118,-10.748088,1980-01-05,17:10:54.345
25.562,-2.6477954,-1.0395049,-9.335931,1980-01-05,17:10:54.416
25.633,-3.7069137,-0.6766588,-9.7183895,1980-01-05,17:10:54.487
25.704,-3.4029074,0.51975244,-9.885103,1980-01-05,17:10:54.558
25.776,-3.4911673,-0.4314926,-10.120462,1980-01-05,17:10:54.63
25.848,-5.7368903,-0.39226598,-8.051259,1980-01-05,17:10:54.702
25.922,-2.3437893,0.00980665,-7.2863407,1980-01-05,17:10:54.776
25.994,-3.5696206,-1.0198916,-3.80498,1980-01-05,17:10:54.848
26.065,-3.9815,0.4511059,-7.7668667,1980-01-05,17:10:54.919
26.136,-3.6480737,0.6472389,-6.8842683,1980-01-05,17:10:54.99
26.206,-2.8733485,0.6472389,-4.7464185,1980-01-05,17:10:55.06
26.222,-2.8733485,-0.3138128,-4.7464185,1980-01-05,17:10:55.076
26.288,-2.9027684,-0.40207264,-8.757339,1980-01-05,17:10:55.142
26.364,-2.9027684,-0.6864655,-9.767424,1980-01-05,17:10:55.218
26.429,-2.0790098,-1.1964113,-9.92433,1980-01-05,17:10:55.283
26.5,-2.6183755,-1.8730701,-11.718946,1980-01-05,17:10:55.354
26.572,-2.7654753,-1.9122967,-15.749479,1980-01-05,17:10:55.426
26.648,-3.9226599,-1.6769371,-14.827655,1980-01-05,17:10:55.502
26.717,-3.0302548,-2.010363,-13.631243,1980-01-05,17:10:55.571
26.786,-1.8338435,-0.6276256,-11.052094,1980-01-05,17:10:55.64
26.858,-2.4026291,-0.3138128,-10.336209,1980-01-05,17:10:55.712
26.932,-2.010363,-1.8240368,-9.384964,1980-01-05,17:10:55.786
27.003,-2.5791488,-1.3140911,-10.777508,1980-01-05,17:10:55.857
27.076,-2.1672697,-1.99075,-10.512729,1980-01-05,17:10:55.93
27.146,-2.7164419,-0.8041453,-9.845877,1980-01-05,17:10:56.0
27.227,-3.2067745,0.56878567,-8.982891,1980-01-05,17:10:56.081
27.296,-2.2849493,0.55897903,-8.512172,1980-01-05,17:10:56.15
27.368,-3.0890946,-0.06864655,-9.149604,1980-01-05,17:10:56.222
27.442,-4.0403395,-0.0784532,-9.98317,1980-01-05,17:10:56.296
27.513,-2.7556686,-0.6864655,-8.933858,1980-01-05,17:10:56.367
27.584,-2.8145084,-0.32361946,-6.1487694,1980-01-05,17:10:56.438
27.655,-2.441856,-0.6766588,-7.3451805,1980-01-05,17:10:56.509
27.726,-2.1084297,0.8139519,-10.885382,1980-01-05,17:10:56.58
27.813,-2.0790098,0.51975244,-9.796844,1980-01-05,17:10:56.667
27.875,-2.6674087,-0.7649187,-8.502365,1980-01-05,17:10:56.729
27.941,-3.0890946,0.1176798,-11.101128,1980-01-05,17:10:56.795
28.012,-3.89324,-1.1964113,-7.423634,1980-01-05,17:10:56.866
28.087,-2.941995,-0.588399,-6.766588,1980-01-05,17:10:56.941
28.157,-4.2462792,-0.1176798,-7.502087,1980-01-05,17:10:57.011
28.238,-2.8929617,-0.3334261,-8.119906,1980-01-05,17:10:57.092
28.309,-2.883155,-0.93163174,-9.022118,1980-01-05,17:10:57.163
28.38,-2.7948952,-0.5099458,-9.885103,1980-01-05,17:10:57.234
28.457,-2.8439283,-0.46091253,-9.738003,1980-01-05,17:10:57.311
28.526,-2.5987623,-1.2454445,-12.454445,1980-01-05,17:10:57.38
28.596,-3.2852278,-0.5099458,-14.200028,1980-01-05,17:10:57.45
28.667,-3.9520798,-1.6573238,-14.827655,1980-01-05,17:10:57.521
28.738,-3.7167203,-1.2454445,-12.434832,1980-01-05,17:10:57.592
28.809,-1.7848103,-1.176798,-11.67972,1980-01-05,17:10:57.663
28.88,-2.8733485,-1.372931,-10.610795,1980-01-05,17:10:57.734
28.956,-3.559814,-1.1669914,-10.140076,1980-01-05,17:10:57.81
29.026,-3.89324,-1.5298374,-8.8652115,1980-01-05,17:10:57.88
29.113,-3.246001,-0.9022118,-9.394771,1980-01-05,17:10:57.967
29.169,-3.079288,-0.48052585,-9.522257,1980-01-05,17:10:58.023
29.244,-3.8245933,-0.7649187,-9.7183895,1980-01-05,17:10:58.098
29.315,-2.7262487,-0.6276256,-8.904438,1980-01-05,17:10:58.169
29.386,-3.6088471,-0.37265268,-10.149882,1980-01-05,17:10:58.24
29.462,-4.501252,0.4511059,-7.7472534,1980-01-05,17:10:58.316
29.533,-3.5794272,-0.02941995,-4.5698986,1980-01-05,17:10:58.387
29.604,-4.393379,-0.6472389,-7.894353,1980-01-05,17:10:58.458
29.675,-4.560092,0.3138128,-7.7668667,1980-01-05,17:10:58.529
29.746,-3.9815,0.0588399,-6.5312285,1980-01-05,17:10:58.6
29.816,-3.167548,0.0588399,-7.149048,1980-01-05,17:10:58.67
29.832,-3.167548,-0.28439283,-7.149048,1980-01-05,17:10:58.686
29.902,-2.7850885,-0.71588546,-7.3157606,1980-01-05,17:10:58.756
29.974,-3.2950344,-0.38245934,-8.217973,1980-01-05,17:10:58.828
30.041,-2.608569,-0.84337187,-9.110377,1980-01-05,17:10:58.895
30.112,-2.4222424,-0.84337187,-10.973641,1980-01-05,17:10:58.966
30.183,-1.99075,-0.22555295,-11.4247465,1980-01-05,17:10:59.037
30.254,-2.1182363,-1.0100849,-14.504035,1980-01-05,17:10:59.108
30.332,-3.246001,-1.2356379,-15.092434,1980-01-05,17:10:59.186
30.4,-3.1969678,-1.4121575,-13.9842825,1980-01-05,17:10:59.254
30.476,-2.5693421,-1.1081514,-11.493394,1980-01-05,17:10:59.33
30.546,-1.7651969,-1.7848103,-11.228614,1980-01-05,17:10:59.4
30.616,-2.9616082,-0.57859236,-9.581097,1980-01-05,17:10:59.47
30.687,-2.3634026,-1.6769371,-9.590903,1980-01-05,17:10:59.541
30.756,-2.186883,-1.6180972,-10.954028,1980-01-05,17:10:59.61
30.837,-3.500974,-1.372931,-10.247949,1980-01-05,17:10:59.691
30.909,-3.5107806,-1.4513842,-9.875297,1980-01-05,17:10:59.763
30.982,-3.000835,-0.4118793,-9.80665,1980-01-05,17:10:59.836
31.052,-3.0890946,-0.78453195,-10.032203,1980-01-05,17:10:59.906
31.125,-5.3642373,-0.17651969,-8.070872,1980-01-05,17:10:59.979
31.194,-3.304841,-0.38245934,-9.738003,1980-01-05,17:11:00.048
31.265,-3.7167203,0.2157463,-8.580818,1980-01-05,17:11:00.119
31.336,-5.1681046,-1.2160245,-6.943108,1980-01-05,17:11:00.19
31.408,-3.3636808,-0.3334261,-7.708027,1980-01-05,17:11:00.262
31.482,-1.7651969,-1.3827376,-8.904438,1980-01-05,17:11:00.336
31.553,-2.2751427,-0.6668522,-11.287454,1980-01-05,17:11:00.407
31.628,-2.3634026,1.0395049,-8.600431,1980-01-05,17:11:00.482
31.694,-2.1574628,1.0395049,-10.551955,1980-01-05,17:11:00.548
31.71,-2.1574628,-0.61781895,-10.551955,1980-01-05,17:11:00.564
31.765,-2.4810824,-0.61781895,-8.002226,1980-01-05,17:11:00.619
31.782,-2.4810824,-0.06864655,-8.002226,1980-01-05,17:11:00.636
31.848,-2.098623,0.32361946,-9.4241905,1980-01-05,17:11:00.702
31.925,-2.8733485,0.098066494,-10.620602,1980-01-05,17:11:00.779
31.989,-2.745862,-0.4511059,-10.708861,1980-01-05,17:11:00.843
32.06,-3.304841,-0.8237586,-9.394771,1980-01-05,17:11:00.914
32.132,-3.7069137,0.16671304,-10.365629,1980-01-05,17:11:00.986
32.203,-4.3541527,-0.0196133,-7.6884136,1980-01-05,17:11:01.057
32.274,-3.5303938,-0.6472389,-8.796565,1980-01-05,17:11:01.128
32.346,-3.1577413,0.40207264,-6.5998755,1980-01-05,17:11:01.2
32.418,-2.8733485,-0.61781895,-8.13952,1980-01-05,17:11:01.272
32.492,-3.383294,-1.0002782,-8.580818,1980-01-05,17:11:01.346
32.563,-2.8145084,-0.3334261,-9.198637,1980-01-05,17:11:01.417
32.634,-3.3244543,0.12748645,-9.65955,1980-01-05,17:11:01.488
32.705,-2.2457228,-0.56878567,-10.591182,1980-01-05,17:11:01.559
32.782,-3.216581,-0.97085834,-13.062457,1980-01-05,17:11:01.636
32.853,-4.177633,-1.8436501,-12.493671,1980-01-05,17:11:01.707
32.924,-3.667687,-1.5886773,-15.13166,1980-01-05,17:11:01.778
33.0,-3.6088471,-0.6864655,-11.9052725,1980-01-05,17:11:01.854
33.071,-2.1966896,-1.5102241,-11.728753,1980-01-05,17:11:01.925
33.142,-2.6477954,0.02941995,-9.83607,1980-01-05,17:11:01.996
33.215,-2.775282,0.20593965,-9.002504,1980-01-05,17:11:02.069
33.286,-3.667687,-1.0296983,-9.80665,1980-01-05,17:11:02.14
33.356,-3.0694814,-0.6276256,-10.1989155,1980-01-05,17:11:02.21
33.426,-3.8147867,0.2157463,-9.394771,1980-01-05,17:11:02.28
33.51,-3.8147867,-1.0493115,-9.89491,1980-01-05,17:11:02.364
33.582,-3.4813607,-1.7161638,-9.355544,1980-01-05,17:11:02.436
33.642,-2.775282,-1.7161638,-9.679163,1980-01-05,17:11:02.496
33.659,-2.775282,-0.4118793,-9.679163,1980-01-05,17:11:02.513
33.725,-2.5595355,1.2160245,-11.6503,1980-01-05,17:11:02.579
33.796,-4.7758384,-0.049033247,-6.7862015,1980-01-05,17:11:02.65
33.866,-1.5886773,-1.2356379,-3.5402005,1980-01-05,17:11:02.72
33.953,-4.8248715,0.2353596,-7.8845463,1980-01-05,17:11:02.807
34.015,-3.4617474,-0.37265268,-6.6292953,1980-01-05,17:11:02.869
34.082,-3.6774936,-1.372931,-7.5217004,1980-01-05,17:11:02.936
34.153,-2.608569,-0.22555295,-7.6295733,1980-01-05,17:11:03.007
34.225,-2.3634026,-0.6766588,-10.993255,1980-01-05,17:11:03.079
34.296,-3.1969678,0.19613299,-10.993255,1980-01-05,17:11:03.15
34.366,-2.7262487,-0.5982056,-11.169774,1980-01-05,17:11:03.22
34.436,-2.824315,-0.5982056,-13.415497,1980-01-05,17:11:03.29
34.452,-2.824315,-1.0002782,-13.415497,1980-01-05,17:11:03.306
34.522,-3.4421341,-1.3140911,-14.317709,1980-01-05,17:11:03.376
34.587,-3.4617474,-0.7354987,-15.1905,1980-01-05,17:11:03.441
34.653,-3.2950344,-1.4121575,-12.699612,1980-01-05,17:11:03.507
34.735,-2.5791488,-1.3140911,-10.365629,1980-01-05,17:11:03.589
34.806,-1.539644,0.0588399,-9.738003,1980-01-05,17:11:03.66
34.876,-2.5889556,-0.28439283,-9.963556,1980-01-05,17:11:03.73
34.946,-2.6477954,0.00980665,-9.826263,1980-01-05,17:11:03.8
35.018,-2.2261095,-0.26477954,-10.1989155,1980-01-05,17:11:03.872
35.104,-2.1966896,-0.4511059,-10.149882,1980-01-05,17:11:03.958
35.165,-2.8341217,-0.38245934,-9.414384,1980-01-05,17:11:04.019
35.231,-2.7850885,-1.0395049,-9.120184,1980-01-05,17:11:04.085
35.303,-2.2849493,-1.0395049,-10.012589,1980-01-05,17:11:04.157
35.319,-2.2849493,-0.36284605,-10.012589,1980-01-05,17:11:04.173
35.374,-3.2656143,-0.36284605,-9.796844,1980-01-05,17:11:04.228
35.391,-3.2656143,0.26477954,-9.796844,1980-01-05,17:11:04.245
35.457,-2.3634026,-1.5984839,-9.57129,1980-01-05,17:11:04.311
35.528,-2.1476562,-1.0983448,-10.189109,1980-01-05,17:11:04.382
35.6,-2.8733485,-1.0002782,-10.316595,1980-01-05,17:11:04.454
35.671,-2.0495899,-0.92182505,-10.159689,1980-01-05,17:11:04.525
35.742,-2.0299766,-1.2062179,-9.98317,1980-01-05,17:11:04.596
35.813,-2.7262487,0.4118793,-10.787314,1980-01-05,17:11:04.667
35.884,-3.4617474,0.3138128,-8.13952,1980-01-05,17:11:04.738
35.955,-2.687022,-0.9904716,-9.071151,1980-01-05,17:11:04.809
36.026,-3.8245933,0.8629852,-10.277369,1980-01-05,17:11:04.88
36.102,-3.9422731,0.8531785,-11.365907,1980-01-05,17:11:04.956
36.173,-1.90249,-1.4709975,-9.92433,1980-01-05,17:11:05.027
36.245,-1.6082906,-1.1081514,-8.727919,1980-01-05,17:11:05.099
36.322,-0.83356524,1.4709975,-8.806372,1980-01-05,17:11:05.176
36.393,0.12748645,0.0196133,-11.56204,1980-01-05,17:11:05.247
36.464,-1.93191,-0.32361946,-9.179024,1980-01-05,17:11:05.318
36.535,-1.3238977,0.9120184,-11.4247465,1980-01-05,17:11:05.389
36.612,-2.4124358,-0.75511205,-9.826263,1980-01-05,17:11:05.466
36.683,-3.0596747,-0.40207264,-9.620323,1980-01-05,17:11:05.537
36.754,-3.0400615,-0.0196133,-10.042009,1980-01-05,17:11:05.608
36.825,-3.4911673,-0.3138128,-9.120184,1980-01-05,17:11:05.679
36.896,-3.86382,-0.5393657,-8.894631,1980-01-05,17:11:05.75
36.966,-3.8442068,-0.34323275,-8.433719,1980-01-05,17:11:05.82
37.038,-3.3734875,-0.5295591,-7.7178335,1980-01-05,17:11:05.892
37.112,-3.4617474,-1.0296983,-7.423634,1980-01-05,17:11:05.966
37.183,-3.079288,0.0,-8.306232,1980-01-05,17:11:06.037
37.254,-3.8147867,-0.098066494,-8.786758,1980-01-05,17:11:06.108
37.326,-2.6183755,-0.8237586,-10.679441,1980-01-05,17:11:06.18
37.396,-3.3734875,-0.55897903,-10.247949,1980-01-05,17:11:06.25
37.473,-3.1577413,-0.83356524,-10.5715685,1980-01-05,17:11:06.327
37.545,-3.3636808,-1.176798,-11.7973995,1980-01-05,17:11:06.399
37.613,-3.6480737,-1.735777,-13.856796,1980-01-05,17:11:06.467
37.684,-3.471554,-0.98066497,-14.592295,1980-01-05,17:11:06.538
37.754,-3.2067745,-0.98066497,-12.483865,1980-01-05,17:11:06.608
37.771,-3.2067745,-1.5102241,-12.483865,1980-01-05,17:11:06.625
37.837,-2.1574628,-2.1476562,-11.307067,1980-01-05,17:11:06.691
37.906,-2.608569,-0.6766588,-9.757616,1980-01-05,17:11:06.76
37.976,-2.432049,-1.0591182,-10.375436,1980-01-05,17:11:06.83
38.048,-3.3244543,-0.049033247,-8.659272,1980-01-05,17:11:06.902
38.122,-3.0302548,-0.57859236,-9.816457,1980-01-05,17:11:06.976
38.194,-3.4519408,-0.97085834,-10.032203,1980-01-05,17:11:07.048
38.264,-3.2558076,-1.1081514,-9.48303,1980-01-05,17:11:07.118
38.333,-3.0694814,-1.2650578,-10.316595,1980-01-05,17:11:07.187
38.41,-2.7556686,-0.9120184,-10.806928,1980-01-05,17:11:07.264
38.482,-3.7363336,0.2353596,-9.963556,1980-01-05,17:11:07.336
38.573,-2.324176,-0.78453195,-9.80665,1980-01-05,17:11:07.427
38.632,-2.0299766,-0.06864655,-9.080957,1980-01-05,17:11:07.486
38.693,-2.6772153,-0.06864655,-6.1193495,1980-01-05,17:11:07.547
38.71,-2.6772153,-0.38245934,-6.1193495,1980-01-05,17:11:07.564
38.765,-3.6284604,-0.38245934,-7.482474,1980-01-05,17:11:07.619
38.782,-3.6284604,-1.8632635,-7.482474,1980-01-05,17:11:07.636
38.848,-4.06976,0.17651969,-8.16894,1980-01-05,17:11:07.702
38.919,-3.550007,0.0196133,-6.835235,1980-01-05,17:11:07.773
38.989,-2.7360554,0.26477954,-7.913966,1980-01-05,17:11:07.843
39.06,-2.941995,-0.6374322,-6.835235,1980-01-05,17:11:07.914
39.135,-3.1185145,-1.0493115,-9.139797,1980-01-05,17:11:07.989
39.205,-1.9221034,-0.8531785,-10.032203,1980-01-05,17:11:08.059
39.276,-1.9613299,-0.20593965,-12.081793,1980-01-05,17:11:08.13
39.346,-3.1871612,-0.5295591,-13.415497,1980-01-05,17:11:08.2
39.417,-2.7066352,-0.9022118,-12.130826,1980-01-05,17:11:08.271
39.497,-2.853735,-1.1081514,-13.562596,1980-01-05,17:11:08.351
39.566,-2.912575,-1.1179581,-12.454445,1980-01-05,17:11:08.42
39.638,-2.0888164,-0.34323275,-10.267562,1980-01-05,17:11:08.492
39.713,-1.9221034,-0.5491724,-10.169496,1980-01-05,17:11:08.567
39.786,-2.3928225,-0.951245,-10.551955,1980-01-05,17:11:08.64
39.856,-1.9711366,-0.8041453,-10.228335,1980-01-05,17:11:08.71
39.927,-1.7848103,-0.56878567,-10.669635,1980-01-05,17:11:08.781
39.996,-2.2751427,0.2549729,-10.365629,1980-01-05,17:11:08.85
40.066,-2.5006957,0.1569064,-10.385242,1980-01-05,17:11:08.92
40.138,-1.3337044,0.1569064,-11.67972,1980-01-05,17:11:08.992
40.156,-1.3337044,-0.10787315,-11.67972,1980-01-05,17:11:09.01
40.211,-4.2953124,-0.56878567,-10.414662,1980-01-05,17:11:09.065
40.287,-1.6867437,-0.6276256,-8.580818,1980-01-05,17:11:09.141
40.357,-2.186883,-0.06864655,-9.963556,1980-01-05,17:11:09.211
40.428,-3.304841,-1.0198916,-8.816178,1980-01-05,17:11:09.282
40.505,-3.2361944,-0.4511059,-10.787314,1980-01-05,17:11:09.359
40.576,-2.3339827,0.2353596,-11.973919,1980-01-05,17:11:09.43
40.648,-4.4914455,-1.1964113,-9.129991,1980-01-05,17:11:09.502
40.719,-3.4029074,-1.539644,-8.698499,1980-01-05,17:11:09.573
40.79,-2.0692031,-1.0296983,-9.77723,1980-01-05,17:11:09.644
40.862,-3.000835,-0.83356524,-10.1989155,1980-01-05,17:11:09.716
40.938,-3.7559469,-0.40207264,-11.101128,1980-01-05,17:11:09.792
41.006,-3.0694814,-1.0787314,-9.384964,1980-01-05,17:11:09.86
41.076,-1.99075,0.20593965,-10.738281,1980-01-05,17:11:09.93
41.16,-3.108708,-0.19613299,-10.100849,1980-01-05,17:11:10.014
41.22,-3.3636808,-0.19613299,-8.433719,1980-01-05,17:11:10.074
41.237,-3.3636808,-0.00980665,-8.433719,1980-01-05,17:11:10.091
41.292,-3.5303938,-2.0692031,-10.434276,1980-01-05,17:11:10.146
41.373,-1.372931,1.3140911,-11.601267,1980-01-05,17:11:10.227
41.445,0.2353596,-0.6864655,-9.875297,1980-01-05,17:11:10.299
41.512,-4.285506,-0.60801226,-7.63938,1980-01-05,17:11:10.366
41.582,-4.148213,-0.35303938,-7.590347,1980-01-05,17:11:10.436
41.653,-2.8047018,0.40207264,-10.826541,1980-01-05,17:11:10.507
41.729,-0.97085834,3.2361944,-13.797956,1980-01-05,17:11:10.583
41.8,-0.0588399,-4.991585,-10.600988,1980-01-05,17:11:10.654
41.871,-0.9414384,0.12748645,-10.287175,1980-01-05,17:11:10.725
41.942,0.02941995,-2.6281822,-14.6511345,1980-01-05,17:11:10.796
42.013,-2.775282,-2.6281822,-10.551955,1980-01-05,17:11:10.867
42.042,-2.775282,-3.4813607,-10.551955,1980-01-05,17:11:10.896
42.087,-2.0201697,-2.441856,-11.4247465,1980-01-05,17:11:10.941
42.167,-2.0692031,-4.344346,-9.179024,1980-01-05,17:11:11.021
42.238,-3.9422731,-1.735777,-7.63938,1980-01-05,17:11:11.092
42.312,-5.6094036,-1.5984839,-7.0411744,1980-01-05,17:11:11.166
42.383,-5.187718,-3.1185145,-6.0605097,1980-01-05,17:11:11.237
42.455,-5.266171,-3.383294,-5.2857842,1980-01-05,17:11:11.309
42.526,-5.874183,-2.853735,-6.305676,1980-01-05,17:11:11.38
42.596,-8.629851,-1.2650578,-4.275699,1980-01-05,17:11:11.45
42.666,-9.963556,-1.7553903,-4.1580195,1980-01-05,17:11:11.52
42.738,-9.198637,1.8534569,-3.1773546,1980-01-05,17:11:11.592
42.812,-12.552511,3.3146477,-3.0204482,1980-01-05,17:11:11.666
42.883,-10.228335,4.1089864,-4.2953124,1980-01-05,17:11:11.737
42.954,-8.541592,1.343511,-2.6674087,1980-01-05,17:11:11.808
43.025,-7.502087,2.2359161,-3.2067745,1980-01-05,17:11:11.879
43.107,-8.688692,2.5791488,-3.4911673,1980-01-05,17:11:11.961
43.176,-10.022396,2.3339827,-3.275421,1980-01-05,17:11:12.03
43.271,-9.296704,2.2163029,-2.6772153,1980-01-05,17:11:12.125
43.328,-10.551955,1.5592573,-2.4222424,1980-01-05,17:11:12.182
43.387,-8.796565,3.0106416,-1.6082906,1980-01-05,17:11:12.241
43.462,-9.649743,2.4614692,-0.2941995,1980-01-05,17:11:12.316
43.539,-8.639658,1.6769371,0.8041453,1980-01-05,17:11:12.393
43.61,-9.826263,1.7161638,0.60801226,1980-01-05,17:11:12.464
43.681,-9.345737,1.6377105,0.8629852,1980-01-05,17:11:12.535
43.752,-9.934136,1.0493115,-0.6472389,1980-01-05,17:11:12.606
43.827,-9.77723,0.7747253,-0.70607877,1980-01-05,17:11:12.681
43.898,-9.375157,0.0,-0.8629852,1980-01-05,17:11:12.752
43.969,-9.63013,-0.22555295,-1.3827376,1980-01-05,17:11:12.823
44.04,-9.57129,-0.5099458,-1.8730701,1980-01-05,17:11:12.894
44.111,-10.051816,-0.6276256,-1.6377105,1980-01-05,17:11:12.965
44.182,-9.492837,-1.0493115,-1.7750036,1980-01-05,17:11:13.036
44.253,-9.394771,-0.8727918,-1.8240368,1980-01-05,17:11:13.107
44.324,-9.590903,-0.8727918,-2.1378496,1980-01-05,17:11:13.178
44.347,-9.590903,-0.4707192,-2.1378496,1980-01-05,17:11:13.201
44.401,-9.620323,-0.588399,-2.1378496,1980-01-05,17:11:13.255
44.488,-9.708583,-0.6374322,-2.0005565,1980-01-05,17:11:13.342
44.553,-10.149882,-1.147378,-1.8828768,1980-01-05,17:11:13.407
44.622,-9.68897,-0.0784532,-0.74530536,1980-01-05,17:11:13.476
44.694,-9.610517,-0.60801226,-1.7161638,1980-01-05,17:11:13.548
44.765,-9.522257,0.06864655,-2.3437893,1980-01-05,17:11:13.619
44.835,-9.335931,0.049033247,-2.353596,1980-01-05,17:11:13.689
44.912,-10.218529,-0.46091253,-3.4813607,1980-01-05,17:11:13.766
44.983,-8.816178,0.34323275,-2.9812214,1980-01-05,17:11:13.837
45.054,-10.473502,-0.049033247,-3.167548,1980-01-05,17:11:13.908
45.125,-9.767424,0.38245934,-3.6578803,1980-01-05,17:11:13.979
45.196,-9.002504,0.35303938,-4.030533,1980-01-05,17:11:14.05
45.266,-10.679441,-0.69627213,-3.8442068,1980-01-05,17:11:14.12
45.339,-9.316318,0.32361946,-4.658159,1980-01-05,17:11:14.193
45.422,-8.825985,-0.02941995,-3.6774936,1980-01-05,17:11:14.276
45.487,-10.355823,0.2157463,-4.148213,1980-01-05,17:11:14.341
45.557,-8.669079,0.2549729,-4.3639593,1980-01-05,17:11:14.411
45.628,-8.443525,-1.3140911,-6.3939357,1980-01-05,17:11:14.482
45.699,-8.414105,-0.16671304,-6.580262,1980-01-05,17:11:14.553
45.794,-8.737725,-0.18632634,-5.0798445,1980-01-05,17:11:14.648
45.858,-8.678885,0.2157463,-4.9425516,1980-01-05,17:11:14.712
45.913,-8.786758,0.2157463,-4.020726,1980-01-05,17:11:14.767
45.93,-8.786758,0.4314926,-4.020726,1980-01-05,17:11:14.784
45.985,-9.247671,0.57859236,-3.334261,1980-01-05,17:11:14.839
46.056,-9.747809,1.0296983,-2.6477954,1980-01-05,17:11:14.91
46.137,-9.433997,0.79433864,-1.9613299,1980-01-05,17:11:14.991
46.209,-10.336209,0.60801226,-1.2454445,1980-01-05,17:11:15.063
46.28,-9.934136,0.93163174,-1.3238977,1980-01-05,17:11:15.134
46.359,-9.649743,1.0787314,-0.69627213,1980-01-05,17:11:15.213
46.419,-10.179302,0.8041453,1.4317709,1980-01-05,17:11:15.273
46.49,-10.159689,0.4707192,2.2163029,1980-01-05,17:11:15.344
46.567,-9.277091,0.98066497,2.3045628,1980-01-05,17:11:15.421
46.638,-9.041731,0.8139519,2.010363,1980-01-05,17:11:15.492
46.707,-9.767424,1.2062179,3.304841,1980-01-05,17:11:15.561
46.787,-8.080679,1.4317709,1.4415776,1980-01-05,17:11:15.641
46.858,-9.15941,0.9414384,2.0888164,1980-01-05,17:11:15.712
46.932,-8.669079,1.2258313,3.2263877,1980-01-05,17:11:15.786
47.019,-8.580818,1.0885382,2.4516625,1980-01-05,17:11:15.873
47.075,-9.610517,1.1179581,2.8733485,1980-01-05,17:11:15.929
47.141,-9.60071,1.3140911,3.079288,1980-01-05,17:11:15.995
47.212,-9.2378645,0.98066497,2.8733485,1980-01-05,17:11:16.066
47.283,-9.15941,1.0591182,2.7850885,1980-01-05,17:11:16.137
47.354,-9.738003,0.6276256,3.7657535,1980-01-05,17:11:16.208
47.431,-9.169217,1.4317709,2.324176,1980-01-05,17:11:16.285
