0.909,9.2378645,-0.14709975,3.4421341,2016-03-12,16:41:44.111
0.983,10.149882,2.4516625,1.7259704,2016-03-12,16:41:44.185
1.055,6.0114765,-0.22555295,6.639102,2016-03-12,16:41:44.257
1.129,3.8736267,2.8341217,7.5511203,2016-03-12,16:41:44.331
1.205,4.5502853,2.8341217,10.189109,2016-03-12,16:41:44.407
1.279,2.745862,2.9714148,14.229449,2016-03-12,16:41:44.481
1.352,2.5693421,0.5982056,9.845877,2016-03-12,16:41:44.554
1.432,5.5897903,4.393379,9.80665,2016-03-12,16:41:44.634
1.502,5.0504246,1.7750036,6.609682,2016-03-12,16:41:44.704
1.573,6.0408964,1.2258313,3.8442068,2016-03-12,16:41:44.775
1.647,6.864655,0.049033247,1.8240368,2016-03-12,16:41:44.849
1.721,5.4819174,-0.32361946,-1.2258313,2016-03-12,16:41:44.923
1.808,7.100014,5.2563643,9.071151,2016-03-12,16:41:45.01
1.879,1.2258313,1.6671305,12.729032,2016-03-12,16:41:45.081
1.945,3.0890946,2.3339827,9.5320635,2016-03-12,16:41:45.147
2.022,3.0694814,3.559814,12.366185,2016-03-12,16:41:45.224
2.085,2.128043,-0.65704554,7.168661,2016-03-12,16:41:45.287
2.156,4.8248715,-0.65704554,14.611908,2016-03-12,16:41:45.358
2.175,4.8248715,7.1882744,14.611908,2016-03-12,16:41:45.377
2.231,4.0403395,-0.12748645,7.60996,2016-03-12,16:41:45.433
2.313,5.9232163,4.9719715,4.5993185,2016-03-12,16:41:45.515
2.389,5.2563643,0.48052585,1.3140911,2016-03-12,16:41:45.591
2.451,6.3154826,1.2944778,2.294756,2016-03-12,16:41:45.653
2.528,5.6976633,2.0397832,7.394214,2016-03-12,16:41:45.73
2.617,8.002226,1.9221034,4.089373,2016-03-12,16:41:45.819
2.673,1.1964113,7.394214,11.777786,2016-03-12,16:41:45.875
2.75,3.0694814,0.36284605,10.238142,2016-03-12,16:41:45.952
2.822,0.16671304,4.815065,15.8769655,2016-03-12,16:41:46.024
2.895,4.756225,5.393657,13.425303,2016-03-12,16:41:46.097
2.968,5.1288776,-1.2944778,8.0120325,2016-03-12,16:41:46.17
3.042,4.2168593,2.4026291,1.7161638,2016-03-12,16:41:46.244
3.119,5.1386843,-0.0392266,-0.18632634,2016-03-12,16:41:46.321
3.198,7.72764,0.0784532,2.0790098,2016-03-12,16:41:46.4
3.263,8.267006,0.7747253,3.1871612,2016-03-12,16:41:46.465
3.346,6.413549,3.8736267,9.394771,2016-03-12,16:41:46.548
3.42,0.17651969,3.7951734,14.337322,2016-03-12,16:41:46.622
3.483,3.1283212,1.4023509,9.041731,2016-03-12,16:41:46.685
3.591,0.71588546,5.4819174,15.612186,2016-03-12,16:41:46.793
3.651,4.579705,3.0400615,12.4642515,2016-03-12,16:41:46.853
3.707,6.550842,1.6671305,8.159133,2016-03-12,16:41:46.909
3.781,5.4132705,1.3042845,1.7259704,2016-03-12,16:41:46.983
3.852,5.5799837,0.70607877,-1.0100849,2016-03-12,16:41:47.054
3.925,6.688135,0.5001391,1.0787314,2016-03-12,16:41:47.127
3.998,6.609682,4.1874394,9.738003,2016-03-12,16:41:47.2
4.072,3.4323275,2.5693421,12.160246,2016-03-12,16:41:47.274
4.148,2.2555294,2.6772153,12.179859,2016-03-12,16:41:47.35
4.222,-1.4709975,5.6388235,17.838295,2016-03-12,16:41:47.424
4.293,2.9812214,0.951245,14.190222,2016-03-12,16:41:47.495
4.38,6.187996,3.5794272,8.521978,2016-03-12,16:41:47.582
4.445,5.6388235,0.5001391,0.93163174,2016-03-12,16:41:47.647
4.534,5.3053975,-0.4314926,1.3140911,2016-03-12,16:41:47.736
4.625,6.3154826,2.0201697,2.3634026,2016-03-12,16:41:47.827
4.665,7.913966,2.4222424,5.550564,2016-03-12,16:41:47.867
4.739,-0.37265268,-0.37265268,19.368134,2016-03-12,16:41:47.941
4.816,2.098623,2.1182363,11.944499,2016-03-12,16:41:48.018
4.892,2.1378496,1.7455837,9.973363,2016-03-12,16:41:48.094
4.962,3.5402005,2.441856,13.003617,2016-03-12,16:41:48.164
5.037,5.6388235,2.9518015,9.747809,2016-03-12,16:41:48.239
5.105,5.67805,2.128043,5.0504246,2016-03-12,16:41:48.307
5.178,4.059953,0.2941995,-0.5982056,2016-03-12,16:41:48.38
5.255,7.276534,0.06864655,-0.3138128,2016-03-12,16:41:48.457
5.329,6.0703163,2.432049,7.423634,2016-03-12,16:41:48.531
5.421,4.8052583,2.4222424,10.914802,2016-03-12,16:41:48.623
5.491,2.4712758,2.4712758,11.209001,2016-03-12,16:41:48.693
5.548,2.1672697,0.951245,11.856239,2016-03-12,16:41:48.75
5.622,2.265336,3.6480737,15.229727,2016-03-12,16:41:48.824
5.693,6.266449,0.92182505,8.767145,2016-03-12,16:41:48.895
5.773,5.1975245,1.4611908,4.991585,2016-03-12,16:41:48.975
5.842,4.8935184,0.56878567,1.2258313,2016-03-12,16:41:49.044
5.915,6.4527755,0.56878567,0.22555295,2016-03-12,16:41:49.117
5.988,5.5799837,1.6573238,6.746975,2016-03-12,16:41:49.19
6.064,5.1582975,4.579705,11.70914,2016-03-12,16:41:49.266
6.141,0.4511059,1.0689248,12.660385,2016-03-12,16:41:49.343
6.212,3.8344,2.2751427,8.659272,2016-03-12,16:41:49.414
6.282,2.3045628,1.3925443,14.209835,2016-03-12,16:41:49.484
6.369,4.118793,1.3925443,12.876131,2016-03-12,16:41:49.571
6.422,4.118793,5.1386843,12.876131,2016-03-12,16:41:49.624
6.429,5.1582975,5.1386843,7.080401,2016-03-12,16:41:49.631
6.484,5.1582975,1.0493115,7.080401,2016-03-12,16:41:49.686
6.506,5.070038,1.2062179,2.5987623,2016-03-12,16:41:49.708
6.583,5.011198,1.6279038,1.5298374,2016-03-12,16:41:49.785
6.653,5.982056,-0.3138128,0.46091253,2016-03-12,16:41:49.855
6.723,10.306788,7.6982203,6.796008,2016-03-12,16:41:49.925
6.803,-1.3042845,2.2555294,12.474058,2016-03-12,16:41:50.005
6.877,4.560092,3.500974,4.589512,2016-03-12,16:41:50.079
6.948,2.441856,1.2552512,8.982891,2016-03-12,16:41:50.15
7.021,1.1081514,3.7167203,15.3964405,2016-03-12,16:41:50.223
7.093,4.530672,3.1185145,12.778065,2016-03-12,16:41:50.295
7.162,4.4129925,0.6864655,6.099736,2016-03-12,16:41:50.364
7.258,5.1092644,1.4023509,1.8534569,2016-03-12,16:41:50.46
7.324,6.305676,2.3045628,2.0495899,2016-03-12,16:41:50.526
7.393,7.001948,-0.0196133,1.7455837,2016-03-12,16:41:50.595
7.462,4.1089864,4.707192,9.443804,2016-03-12,16:41:50.664
7.532,2.5595355,3.0302548,12.03276,2016-03-12,16:41:50.734
7.602,2.0692031,3.0302548,10.277369,2016-03-12,16:41:50.804
7.618,2.0692031,2.8341217,10.277369,2016-03-12,16:41:50.82
7.684,0.88259846,0.7649187,11.728753,2016-03-12,16:41:50.886
7.758,2.9616082,5.6388235,14.670748,2016-03-12,16:41:50.96
7.831,5.2269444,2.2359161,10.659828,2016-03-12,16:41:51.033
7.905,3.7167203,1.3042845,6.7077484,2016-03-12,16:41:51.107
7.978,5.315204,1.2258313,0.30400613,2016-03-12,16:41:51.18
8.067,5.4721107,0.9022118,0.8629852,2016-03-12,16:41:51.269
8.126,6.5312285,2.1770763,3.5696206,2016-03-12,16:41:51.328
8.2,8.286619,4.118793,9.080957,2016-03-12,16:41:51.402
8.272,-1.5886773,3.2656143,14.092155,2016-03-12,16:41:51.474
8.342,-1.93191,4.511059,12.679998,2016-03-12,16:41:51.544
8.415,5.8153434,0.1569064,13.08207,2016-03-12,16:41:51.617
8.489,2.912575,3.7951734,11.3561,2016-03-12,16:41:51.691
8.577,6.109543,2.3634026,4.2462792,2016-03-12,16:41:51.779
8.634,3.1969678,0.12748645,6.217416,2016-03-12,16:41:51.836
8.713,5.9232163,2.7066352,1.8142302,2016-03-12,16:41:51.915
8.784,5.4328837,0.7747253,3.6774936,2016-03-12,16:41:51.986
8.86,8.041452,5.217138,5.295591,2016-03-12,16:41:52.062
8.937,2.4124358,1.4808041,8.502365,2016-03-12,16:41:52.139
9.018,1.1179581,6.4037423,18.671862,2016-03-12,16:41:52.22
9.076,3.0989013,-1.539644,5.6388235,2016-03-12,16:41:52.278
9.149,5.4819174,6.2860627,11.29726,2016-03-12,16:41:52.351
9.226,4.2658925,0.9904716,7.678607,2016-03-12,16:41:52.428
9.305,5.295591,1.6475172,3.4813607,2016-03-12,16:41:52.507
9.381,5.550564,2.3437893,3.4617474,2016-03-12,16:41:52.583
9.452,5.0210047,1.8142302,3.2067745,2016-03-12,16:41:52.654
9.522,6.972528,1.3533176,6.1683826,2016-03-12,16:41:52.724
9.592,0.75511205,1.7259704,10.189109,2016-03-12,16:41:52.794
9.673,-1.1571847,2.7164419,8.16894,2016-03-12,16:41:52.875
9.742,4.9425516,4.373766,12.06218,2016-03-12,16:41:52.944
9.828,3.6088471,2.5399222,11.895466,2016-03-12,16:41:53.03
9.904,4.9425516,2.8733485,6.207609,2016-03-12,16:41:53.106
9.963,5.2563643,1.6769371,5.1288776,2016-03-12,16:41:53.165
10.032,6.0114765,3.9226599,4.030533,2016-03-12,16:41:53.234
10.113,6.2860627,-2.010363,6.217416,2016-03-12,16:41:53.315
10.186,5.3348174,2.1476562,9.502644,2016-03-12,16:41:53.388
10.26,1.0296983,0.2745862,15.063014,2016-03-12,16:41:53.462
10.326,1.0787314,0.2745862,4.422799,2016-03-12,16:41:53.528
10.345,1.0787314,7.1784678,4.422799,2016-03-12,16:41:53.547
10.404,3.86382,-0.40207264,10.581375,2016-03-12,16:41:53.606
10.477,2.9714148,3.1969678,11.62088,2016-03-12,16:41:53.679
10.55,6.7077484,0.8139519,5.9722495,2016-03-12,16:41:53.752
10.627,3.4911673,2.7654753,5.88399,2016-03-12,16:41:53.829
10.716,7.923773,0.098066494,2.2359161,2016-03-12,16:41:53.918
10.775,4.9425516,0.8139519,6.6194887,2016-03-12,16:41:53.977
10.85,2.098623,2.324176,12.405412,2016-03-12,16:41:54.052
10.926,-2.1084297,0.9904716,11.120741,2016-03-12,16:41:54.128
10.988,5.070038,-0.44129923,9.77723,2016-03-12,16:41:54.19
11.062,3.6284604,4.1384063,10.855961,2016-03-12,16:41:54.264
11.139,6.923495,2.6183755,7.8551264,2016-03-12,16:41:54.341
11.212,3.334261,1.3140911,9.620323,2016-03-12,16:41:54.414
11.282,6.2762556,1.8044236,5.962443,2016-03-12,16:41:54.484
11.363,4.815065,1.4317709,4.785645,2016-03-12,16:41:54.565
11.438,5.491724,2.5595355,0.9022118,2016-03-12,16:41:54.64
11.511,10.924608,0.49033248,3.1283212,2016-03-12,16:41:54.713
11.582,-0.2745862,5.8937964,19.6133,2016-03-12,16:41:54.784
11.669,-4.5404787,4.3541527,19.6133,2016-03-12,16:41:54.871
11.728,6.6587152,0.61781895,11.856239,2016-03-12,16:41:54.93
11.805,1.2944778,5.2563643,12.474058,2016-03-12,16:41:55.007
11.882,7.8257065,2.520309,9.267284,2016-03-12,16:41:55.084
11.952,3.7069137,2.3339827,5.7368903,2016-03-12,16:41:55.154
12.022,5.187718,-0.39226598,0.98066497,2016-03-12,16:41:55.224
12.094,5.393657,0.74530536,-2.8929617,2016-03-12,16:41:55.296
12.167,6.697942,1.1964113,7.4922805,2016-03-12,16:41:55.369
12.244,1.343511,2.7654753,17.436224,2016-03-12,16:41:55.446
12.318,-2.1378496,5.207331,16.82821,2016-03-12,16:41:55.52
12.393,5.1092644,-2.1574628,9.394771,2016-03-12,16:41:55.595
12.459,3.167548,6.4821954,12.807485,2016-03-12,16:41:55.661
12.532,4.589512,6.4821954,9.15941,2016-03-12,16:41:55.734
12.567,4.589512,0.5001391,9.15941,2016-03-12,16:41:55.769
12.615,4.962165,2.5987623,6.550842,2016-03-12,16:41:55.817
12.681,4.8739047,1.6475172,1.7553903,2016-03-12,16:41:55.883
12.763,6.2860627,0.7747253,1.5690639,2016-03-12,16:41:55.965
12.838,8.414105,2.5987623,10.640215,2016-03-12,16:41:56.04
12.908,1.5690639,3.6578803,13.238977,2016-03-12,16:41:56.11
12.981,4.6875787,3.6480737,7.423634,2016-03-12,16:41:56.183
13.052,-1.0787314,2.5006957,18.789541,2016-03-12,16:41:56.254
13.122,5.4819174,2.8341217,11.336487,2016-03-12,16:41:56.324
13.203,3.4323275,4.197246,10.208722,2016-03-12,16:41:56.405
13.272,7.7472534,1.1081514,7.982613,2016-03-12,16:41:56.474
13.342,3.7363336,1.1081514,1.3631244,2016-03-12,16:41:56.544
13.358,3.7363336,2.5399222,1.3631244,2016-03-12,16:41:56.56
13.428,5.0308113,-0.9414384,0.1569064,2016-03-12,16:41:56.63
13.497,6.894075,5.6878567,6.129156,2016-03-12,16:41:56.699
13.567,0.5982056,3.550007,14.003896,2016-03-12,16:41:56.769
13.641,-3.0989013,0.9904716,19.6133,2016-03-12,16:41:56.843
13.717,8.620045,2.7360554,10.708861,2016-03-12,16:41:56.919
13.792,0.40207264,2.5105023,11.493394,2016-03-12,16:41:56.994
13.863,5.599597,2.2359161,8.3846855,2016-03-12,16:41:57.065
13.943,6.207609,3.6088471,1.6279038,2016-03-12,16:41:57.145
14.012,6.266449,0.49033248,1.7848103,2016-03-12,16:41:57.214
14.082,8.414105,3.4519408,8.423912,2016-03-12,16:41:57.284
14.152,1.7553903,4.030533,17.102797,2016-03-12,16:41:57.354
14.234,-1.1964113,0.951245,11.7973995,2016-03-12,16:41:57.436
14.321,6.590069,2.0692031,7.913966,2016-03-12,16:41:57.523
14.399,1.539644,3.6578803,16.896858,2016-03-12,16:41:57.601
14.466,5.040618,2.853735,8.953471,2016-03-12,16:41:57.668
14.521,5.6682434,0.9022118,6.099736,2016-03-12,16:41:57.723
14.592,5.1779113,0.9022118,1.1964113,2016-03-12,16:41:57.794
14.608,5.1779113,1.2650578,1.1964113,2016-03-12,16:41:57.81
14.674,5.236751,0.5001391,0.49033248,2016-03-12,16:41:57.876
14.747,4.8248715,4.3639593,9.639936,2016-03-12,16:41:57.949
14.813,-3.8245933,0.69627213,15.759286,2016-03-12,16:41:58.015
14.913,7.4432473,4.481639,6.354709,2016-03-12,16:41:58.115
14.964,-0.61781895,-0.69627213,13.062457,2016-03-12,16:41:58.166
15.041,4.4424124,5.4328837,11.73856,2016-03-12,16:41:58.243
15.114,3.7167203,2.3732092,7.5217004,2016-03-12,16:41:58.316
15.203,4.864098,1.0787314,5.3053975,2016-03-12,16:41:58.405
15.255,8.0120325,1.0787314,2.432049,2016-03-12,16:41:58.457
15.332,5.6192102,2.8341217,6.433162,2016-03-12,16:41:58.534
15.404,4.6679654,2.3437893,12.679998,2016-03-12,16:41:58.606
15.477,-1.147378,6.717555,14.249063,2016-03-12,16:41:58.679
15.554,4.1874394,1.539644,7.6982203,2016-03-12,16:41:58.756
15.627,-0.74530536,3.7657535,13.180138,2016-03-12,16:41:58.829
15.7,3.5107806,3.7951734,13.935249,2016-03-12,16:41:58.902
15.777,5.629017,3.7755601,4.628739,2016-03-12,16:41:58.979
15.85,4.0991797,1.3631244,2.2457228,2016-03-12,16:41:59.052
15.925,5.5603704,2.7360554,6.413549,2016-03-12,16:41:59.127
15.999,5.6976633,2.1182363,4.4718323,2016-03-12,16:41:59.201
16.073,5.933023,3.9030466,13.386077,2016-03-12,16:41:59.275
16.158,1.1964113,4.4424124,8.423912,2016-03-12,16:41:59.36
16.224,-1.7161638,3.8834333,11.885659,2016-03-12,16:41:59.426
16.289,5.2269444,-0.4314926,8.561205,2016-03-12,16:41:59.491
16.362,0.69627213,7.3255672,11.140354,2016-03-12,16:41:59.564
16.435,3.5696206,1.1964113,7.354987,2016-03-12,16:41:59.637
16.509,5.187718,0.46091253,4.736612,2016-03-12,16:41:59.711
16.581,6.050703,1.7455837,2.5105023,2016-03-12,16:41:59.783
16.663,6.697942,1.9711366,6.864655,2016-03-12,16:41:59.865
16.736,4.481639,3.2950344,8.296426,2016-03-12,16:41:59.938
16.839,-0.7354987,3.2950344,16.690918,2016-03-12,16:42:00.041
16.876,0.9610517,3.1871612,7.8257065,2016-03-12,16:42:00.078
16.959,3.9913065,2.4026291,12.042566,2016-03-12,16:42:00.161
17.037,2.3143694,2.4026291,13.003617,2016-03-12,16:42:00.239
17.056,2.3143694,4.834678,13.003617,2016-03-12,16:42:00.258
17.104,2.490889,3.4911673,10.0910425,2016-03-12,16:42:00.306
17.179,6.217416,2.7262487,4.5502853,2016-03-12,16:42:00.381
17.253,4.1384063,-1.0296983,-2.4516625,2016-03-12,16:42:00.455
17.322,7.6982203,0.32361946,1.5298374,2016-03-12,16:42:00.524
17.394,7.7766733,4.256086,11.826819,2016-03-12,16:42:00.596
17.467,0,5.8937964,11.601267,2016-03-12,16:42:00.669
17.544,-0.02941995,2.265336,11.169774,2016-03-12,16:42:00.746
17.617,3.275421,3.550007,8.129713,2016-03-12,16:42:00.819
17.69,0.92182505,4.2953124,15.621993,2016-03-12,16:42:00.892
17.767,5.3838506,2.1574628,8.404299,2016-03-12,16:42:00.969
17.841,4.6091256,1.372931,2.8929617,2016-03-12,16:42:01.043
17.915,4.726805,1.706357,1.5592573,2016-03-12,16:42:01.117
18.005,6.0605097,1.706357,2.2457228,2016-03-12,16:42:01.207
18.015,6.0605097,-0.37265268,2.2457228,2016-03-12,16:42:01.217
18.073,4.2364726,9.551677,12.689805,2016-03-12,16:42:01.275
18.13,3.000835,-1.6671305,10.600988,2016-03-12,16:42:01.332
18.204,0.1176798,5.1975245,11.846433,2016-03-12,16:42:01.406
18.277,3.1185145,3.4225209,7.7766733,2016-03-12,16:42:01.479
18.35,-1.0002782,2.7948952,17.848103,2016-03-12,16:42:01.552
18.43,5.4524975,2.6477954,5.423077,2016-03-12,16:42:01.632
18.502,5.7172766,1.7750036,1.6867437,2016-03-12,16:42:01.704
18.572,4.6091256,1.9711366,2.7948952,2016-03-12,16:42:01.774
18.642,5.5603704,0.42168593,4.001113,2016-03-12,16:42:01.844
18.723,4.481639,4.726805,10.100849,2016-03-12,16:42:01.925
18.792,1.4808041,5.5897903,10.826541,2016-03-12,16:42:01.994
18.862,-1.0100849,2.1672697,10.0910425,2016-03-12,16:42:02.064
18.937,3.500974,2.1672697,11.699333,2016-03-12,16:42:02.139
18.956,3.500974,-0.89240515,11.699333,2016-03-12,16:42:02.158
19.012,0.8139519,4.9523582,13.807763,2016-03-12,16:42:02.214
19.096,5.0994577,2.4222424,4.834678,2016-03-12,16:42:02.298
19.165,5.0210047,-2.7360554,0.69627213,2016-03-12,16:42:02.367
19.233,6.129156,2.3437893,-0.22555295,2016-03-12,16:42:02.435
19.313,7.1588545,3.1479347,12.444638,2016-03-12,16:42:02.515
19.388,2.9027684,0.8629852,10.208722,2016-03-12,16:42:02.59
19.458,0.8531785,4.0403395,10.375436,2016-03-12,16:42:02.66
19.535,0.26477954,1.2846711,13.78815,2016-03-12,16:42:02.737
19.597,1.8926834,1.2846711,10.679441,2016-03-12,16:42:02.799
19.616,1.8926834,3.3734875,10.679441,2016-03-12,16:42:02.818
19.672,1.1179581,3.6186538,12.601545,2016-03-12,16:42:02.874
19.754,6.021283,2.0790098,6.433162,2016-03-12,16:42:02.956
19.822,4.5502853,-1.9221034,0.35303938,2016-03-12,16:42:03.024
19.894,7.001948,2.3143694,-0.0784532,2016-03-12,16:42:03.096
19.967,3.4029074,2.824315,12.758451,2016-03-12,16:42:03.169
20.04,4.8542914,0.2745862,6.550842,2016-03-12,16:42:03.242
20.114,4.0795665,4.3345394,10.836348,2016-03-12,16:42:03.316
20.188,2.4712758,-1.0493115,8.002226,2016-03-12,16:42:03.39
20.262,-2.2849493,5.2857842,16.180973,2016-03-12,16:42:03.464
20.343,6.697942,0.16671304,11.101128,2016-03-12,16:42:03.545
20.415,2.520309,5.3053975,7.8747396,2016-03-12,16:42:03.617
20.488,4.7464185,2.1966896,5.4721107,2016-03-12,16:42:03.69
20.569,4.4718323,0.8041453,1.9711366,2016-03-12,16:42:03.771
20.639,5.187718,2.0888164,3.3636808,2016-03-12,16:42:03.841
20.712,2.8047018,4.736612,11.542427,2016-03-12,16:42:03.914
20.778,3.1773546,-0.088259846,10.414662,2016-03-12,16:42:03.98
20.851,4.1580195,2.3143694,8.629851,2016-03-12,16:42:04.053
20.931,0.088259846,3.7559469,17.073378,2016-03-12,16:42:04.133
21.002,3.550007,1.8044236,12.601545,2016-03-12,16:42:04.204
21.072,3.4421341,2.5889556,10.012589,2016-03-12,16:42:04.274
21.153,4.530672,1.3827376,4.6679654,2016-03-12,16:42:04.355
21.229,3.275421,1.4808041,1.3533176,2016-03-12,16:42:04.431
21.292,7.58054,1.4808041,5.2465577,2016-03-12,16:42:04.494
21.324,7.58054,-0.5001391,5.2465577,2016-03-12,16:42:04.526
21.375,4.756225,4.883712,5.5603704,2016-03-12,16:42:04.577
21.443,2.7654753,3.246001,8.090487,2016-03-12,16:42:04.645
21.517,-0.4707192,2.9812214,17.62255,2016-03-12,16:42:04.719
21.59,3.9815,1.9613299,6.442969,2016-03-12,16:42:04.792
21.663,2.8929617,4.5993185,11.179581,2016-03-12,16:42:04.865
21.743,5.933023,1.3140911,7.560927,2016-03-12,16:42:04.945
21.812,4.4326057,1.3337044,2.1770763,2016-03-12,16:42:05.014
21.887,4.2953124,0.1176798,0.30400613,2016-03-12,16:42:05.089
21.958,8.875018,4.06976,9.747809,2016-03-12,16:42:05.16
22.031,2.2261095,0.49033248,10.522535,2016-03-12,16:42:05.233
22.105,-0.30400613,5.540757,15.45528,2016-03-12,16:42:05.307
22.185,0.8531785,1.2258313,8.1101,2016-03-12,16:42:05.387
22.269,0.40207264,1.1571847,13.189944,2016-03-12,16:42:05.471
22.326,4.883712,4.589512,10.032203,2016-03-12,16:42:05.528
22.403,4.403186,1.3533176,7.0411744,2016-03-12,16:42:05.605
22.472,4.8542914,0.88259846,3.4519408,2016-03-12,16:42:05.674
22.553,4.0795665,1.2552512,1.9417167,2016-03-12,16:42:05.755
22.622,5.6388235,3.5696206,8.070872,2016-03-12,16:42:05.824
22.692,-0.35303938,0.88259846,11.473781,2016-03-12,16:42:05.894
22.773,-0.4511059,9.277091,18.201141,2016-03-12,16:42:05.975
22.842,3.0694814,-1.2846711,5.658437,2016-03-12,16:42:06.044
22.915,-2.608569,6.825428,16.024065,2016-03-12,16:42:06.117
22.988,4.658159,5.403464,8.678885,2016-03-12,16:42:06.19
23.078,3.7755601,0.098066494,2.7360554,2016-03-12,16:42:06.28
23.147,4.1384063,0.1372931,-2.8341217,2016-03-12,16:42:06.349
23.216,6.099736,5.4819174,7.119628,2016-03-12,16:42:06.418
23.281,1.6671305,6.0703163,15.3179865,2016-03-12,16:42:06.483
23.359,1.6082906,1.6180972,9.54187,2016-03-12,16:42:06.561
23.438,3.2656143,2.0397832,7.4432473,2016-03-12,16:42:06.64
23.5,1.7161638,2.0397832,15.416054,2016-03-12,16:42:06.702
23.512,1.7161638,4.256086,15.416054,2016-03-12,16:42:06.714
23.578,1.8926834,0.65704554,9.80665,2016-03-12,16:42:06.78
23.651,1.2356379,4.167826,15.494507,2016-03-12,16:42:06.853
23.728,4.324733,1.4121575,5.7368903,2016-03-12,16:42:06.93
23.802,3.334261,1.6965504,2.9714148,2016-03-12,16:42:07.004
23.895,7.1882744,-1.5494506,5.1092644,2016-03-12,16:42:07.097
23.965,3.412714,5.491724,12.807485,2016-03-12,16:42:07.167
24.024,3.1283212,0.0588399,10.444082,2016-03-12,16:42:07.226
24.092,0.06864655,4.981778,15.749479,2016-03-12,16:42:07.294
24.174,2.3437893,2.0201697,5.1288776,2016-03-12,16:42:07.376
24.243,-0.55897903,3.000835,12.611352,2016-03-12,16:42:07.445
24.313,2.1966896,3.4911673,11.718946,2016-03-12,16:42:07.515
24.395,3.5990405,2.883155,7.502087,2016-03-12,16:42:07.597
24.458,4.2364726,2.883155,7.119628,2016-03-12,16:42:07.66
24.469,4.2364726,2.9518015,7.119628,2016-03-12,16:42:07.671
24.536,4.9425516,2.1084297,4.1874394,2016-03-12,16:42:07.738
24.609,5.521144,0.30400613,1.8534569,2016-03-12,16:42:07.811
24.686,5.4819174,3.6088471,11.522814,2016-03-12,16:42:07.888
24.767,2.745862,3.3538742,12.219086,2016-03-12,16:42:07.969
24.836,1.2062179,1.8142302,11.258034,2016-03-12,16:42:08.038
24.902,1.7946169,2.186883,7.9335794,2016-03-12,16:42:08.104
24.983,1.1669914,3.9913065,11.748366,2016-03-12,16:42:08.185
25.056,3.0694814,2.4222424,11.209001,2016-03-12,16:42:08.258
25.131,4.648352,1.2552512,6.796008,2016-03-12,16:42:08.333
25.197,4.403186,2.8341217,5.6094036,2016-03-12,16:42:08.399
25.27,5.1779113,2.2359161,5.148491,2016-03-12,16:42:08.472
25.358,5.6682434,2.5693421,7.2373075,2016-03-12,16:42:08.56
25.428,4.756225,1.3042845,7.394214,2016-03-12,16:42:08.63
25.49,3.2263877,1.3827376,9.031924,2016-03-12,16:42:08.692
25.583,-4.324733,4.393379,11.483587,2016-03-12,16:42:08.785
25.649,6.050703,-0.78453195,8.443525,2016-03-12,16:42:08.851
25.719,0.0196133,2.6674087,11.071708,2016-03-12,16:42:08.921
25.792,2.5693421,3.6284604,8.443525,2016-03-12,16:42:08.994
25.862,3.0106416,2.912575,10.277369,2016-03-12,16:42:09.064
25.936,3.000835,2.0005565,10.591182,2016-03-12,16:42:09.138
26.01,3.383294,3.0400615,9.002504,2016-03-12,16:42:09.212
26.082,5.295591,2.1084297,5.393657,2016-03-12,16:42:09.284
26.153,5.344624,2.353596,5.6192102,2016-03-12,16:42:09.355
26.235,6.3449025,3.246001,5.1582975,2016-03-12,16:42:09.437
26.309,4.226666,1.0885382,6.6194887,2016-03-12,16:42:09.511
26.387,1.6671305,1.8240368,15.729866,2016-03-12,16:42:09.589
26.475,0.9120184,2.8733485,6.2762556,2016-03-12,16:42:09.677
26.529,2.265336,2.0299766,9.247671,2016-03-12,16:42:09.731
26.599,1.0296983,2.608569,10.914802,2016-03-12,16:42:09.801
26.673,2.3143694,3.4029074,10.424469,2016-03-12,16:42:09.875
26.743,2.9714148,2.7654753,10.404856,2016-03-12,16:42:09.945
26.823,3.7559469,3.1577413,9.95375,2016-03-12,16:42:10.025
26.894,4.7169986,1.4906107,5.5309505,2016-03-12,16:42:10.096
26.967,6.129156,2.3143694,3.1381278,2016-03-12,16:42:10.169
27.041,6.354709,1.7946169,4.4914455,2016-03-12,16:42:10.243
27.121,4.7954516,0.8727918,6.3252892,2016-03-12,16:42:10.323
27.191,0.26477954,5.8447633,11.522814,2016-03-12,16:42:10.393
27.262,-0.5099458,0.5393657,13.248784,2016-03-12,16:42:10.464
27.332,3.5205872,3.8344,7.139241,2016-03-12,16:42:10.534
27.428,-0.1176798,2.4222424,12.640772,2016-03-12,16:42:10.63
27.497,3.0106416,2.9223816,10.7578945,2016-03-12,16:42:10.699
27.557,3.5303938,0.8041453,6.6194887,2016-03-12,16:42:10.759
27.631,4.903325,2.3437893,5.3053975,2016-03-12,16:42:10.833
27.702,4.4129925,2.8341217,5.746697,2016-03-12,16:42:10.904
27.772,5.040618,1.1964113,4.7169986,2016-03-12,16:42:10.974
27.853,2.6674087,3.000835,11.336487,2016-03-12,16:42:11.055
27.925,-2.1476562,1.2748644,17.44603,2016-03-12,16:42:11.127
27.999,3.8147867,2.1770763,6.8156214,2016-03-12,16:42:11.201
28.072,-0.8139519,1.2846711,13.34685,2016-03-12,16:42:11.274
28.143,4.089373,4.4620256,8.708305,2016-03-12,16:42:11.345
28.212,4.305119,1.9613299,6.913688,2016-03-12,16:42:11.414
28.308,4.903325,2.853735,4.9719715,2016-03-12,16:42:11.51
28.375,4.589512,4.0501466,4.962165,2016-03-12,16:42:11.577
28.444,5.3053975,1.0002782,3.7657535,2016-03-12,16:42:11.646
28.513,3.89324,2.1378496,7.6491866,2016-03-12,16:42:11.715
28.58,2.608569,5.442691,12.425025,2016-03-12,16:42:11.782
28.652,-0.39226598,5.442691,11.32668,2016-03-12,16:42:11.854
28.668,-0.39226598,2.353596,11.32668,2016-03-12,16:42:11.87
28.734,0.75511205,0.6472389,11.081514,2016-03-12,16:42:11.936
28.807,2.2359161,3.9520798,10.767701,2016-03-12,16:42:12.009
28.892,2.8145084,5.79573,12.611352,2016-03-12,16:42:12.094
28.955,2.7164419,0.65704554,5.7859235,2016-03-12,16:42:12.157
29.028,4.707192,3.8344,4.6091256,2016-03-12,16:42:12.23
29.118,4.844485,1.5984839,4.197246,2016-03-12,16:42:12.32
29.169,4.511059,1.539644,3.7559469,2016-03-12,16:42:12.371
29.246,4.903325,4.0795665,9.855683,2016-03-12,16:42:12.448
29.324,1.2846711,-0.5491724,11.660107,2016-03-12,16:42:12.526
29.399,0.7747253,6.717555,12.729032,2016-03-12,16:42:12.601
29.472,0.4118793,-1.147378,11.669913,2016-03-12,16:42:12.674
29.548,2.7850885,3.697107,12.562319,2016-03-12,16:42:12.75
29.614,1.2650578,7.050981,10.071429,2016-03-12,16:42:12.816
29.688,5.6192102,-2.941995,2.5497289,2016-03-12,16:42:12.89
29.761,5.1386843,2.608569,4.3835726,2016-03-12,16:42:12.963
29.838,5.1386843,2.4124358,5.8447633,2016-03-12,16:42:13.04
29.914,5.67805,1.8338435,7.78648,2016-03-12,16:42:13.116
29.987,2.098623,4.030533,11.209001,2016-03-12,16:42:13.189
30.069,0.48052585,1.9613299,12.876131,2016-03-12,16:42:13.271
30.138,1.1179581,4.06976,11.689527,2016-03-12,16:42:13.34
30.202,2.7556686,2.6183755,10.669635,2016-03-12,16:42:13.404
30.272,2.0888164,3.4421341,10.130269,2016-03-12,16:42:13.474
30.353,2.657602,2.2261095,7.737447,2016-03-12,16:42:13.555
30.425,4.001113,1.4317709,6.2566423,2016-03-12,16:42:13.627
30.498,4.3835726,1.5592573,3.471554,2016-03-12,16:42:13.7
30.572,4.0403395,2.7360554,9.4241905,2016-03-12,16:42:13.774
30.649,2.4516625,1.5788707,8.678885,2016-03-12,16:42:13.851
30.722,2.608569,3.2263877,14.052929,2016-03-12,16:42:13.924
30.792,0.14709975,2.3634026,10.777508,2016-03-12,16:42:13.994
30.862,3.6774936,2.3634026,8.796565,2016-03-12,16:42:14.064
30.902,3.6774936,1.5004175,8.796565,2016-03-12,16:42:14.104
30.949,2.7556686,3.3538742,12.03276,2016-03-12,16:42:14.151
31.012,2.9518015,2.1378496,9.110377,2016-03-12,16:42:14.214
31.093,4.2953124,2.0593965,5.9526362,2016-03-12,16:42:14.295
31.165,4.393379,2.2064962,4.8935184,2016-03-12,16:42:14.367
31.238,5.344624,1.2258313,6.0408964,2016-03-12,16:42:14.44
31.304,3.079288,4.4326057,10.434276,2016-03-12,16:42:14.506
31.377,-0.20593965,0.8531785,13.033037,2016-03-12,16:42:14.579
31.459,-1.2748644,4.452219,10.336209,2016-03-12,16:42:14.661
31.532,3.4617474,0.8139519,6.8744617,2016-03-12,16:42:14.734
31.602,1.2552512,3.1871612,9.551677,2016-03-12,16:42:14.804
