0.105,1.1179581,0.2549729,9.68897,2016-03-09,22:44:10.97
0.203,1.147378,-0.14709975,9.728196,2016-03-09,22:44:11.068
0.231,1.0591182,-0.28439283,9.77723,2016-03-09,22:44:11.096
0.296,0.7649187,-0.0588399,9.590903,2016-03-09,22:44:11.161
0.37,0.75511205,-0.0196133,9.934136,2016-03-09,22:44:11.235
0.457,1.4808041,0.0,9.18883,2016-03-09,22:44:11.322
0.514,0.6668522,-0.0196133,9.492837,2016-03-09,22:44:11.379
0.603,0.70607877,-0.0196133,9.728196,2016-03-09,22:44:11.468
0.667,0.65704554,0.0,9.757616,2016-03-09,22:44:11.532
0.723,0.65704554,-0.0196133,9.728196,2016-03-09,22:44:11.588
0.796,0.7649187,-0.088259846,9.502644,2016-03-09,22:44:11.661
0.879,1.5102241,-0.17651969,10.022396,2016-03-09,22:44:11.744
0.945,0.5099458,0.22555295,9.63013,2016-03-09,22:44:11.81
1.016,-1.7750036,-0.3138128,10.296982,2016-03-09,22:44:11.881
1.124,-1.343511,0.51975244,10.120462,2016-03-09,22:44:11.989
1.2,0.19613299,-0.0196133,8.365072,2016-03-09,22:44:12.065
1.238,0.0,-0.588399,12.542705,2016-03-09,22:44:12.103
1.316,0.8531785,-4.981778,10.189109,2016-03-09,22:44:12.181
1.389,1.2748644,0.0,9.620323,2016-03-09,22:44:12.254
1.455,2.0005565,0.0,8.982891,2016-03-09,22:44:12.32
1.473,2.0005565,-1.4415776,8.982891,2016-03-09,22:44:12.338
1.564,5.403464,-1.0296983,8.580818,2016-03-09,22:44:12.429
1.625,6.9921412,0.0392266,8.414105,2016-03-09,22:44:12.49
1.695,6.305676,-0.8727918,6.9921412,2016-03-09,22:44:12.56
1.77,6.6783285,-1.1277647,6.3939357,2016-03-09,22:44:12.635
1.831,6.668522,-1.6475172,5.67805,2016-03-09,22:44:12.696
1.903,8.433719,-1.4219642,4.4914455,2016-03-09,22:44:12.768
1.976,9.022118,-1.4611908,4.1384063,2016-03-09,22:44:12.841
2.071,7.4432473,-1.5004175,1.9711366,2016-03-09,22:44:12.936
2.14,9.326124,-0.8139519,-0.22555295,2016-03-09,22:44:13.005
2.194,9.9047165,0.088259846,-1.6377105,2016-03-09,22:44:13.059
2.266,9.9047165,-0.3138128,-2.608569,2016-03-09,22:44:13.131
2.338,9.92433,-0.3138128,-2.4222424,2016-03-09,22:44:13.203
2.362,9.92433,0.00980665,-2.4222424,2016-03-09,22:44:13.227
2.418,9.80665,-0.2549729,-1.5494506,2016-03-09,22:44:13.283
2.513,10.463696,-0.2157463,-0.088259846,2016-03-09,22:44:13.378
2.581,6.2272224,-1.4709975,-0.40207264,2016-03-09,22:44:13.446
2.634,9.86549,0.5393657,3.8834333,2016-03-09,22:44:13.499
2.72,6.776395,-1.2846711,5.374044,2016-03-09,22:44:13.585
2.784,6.021283,-1.5984839,6.462582,2016-03-09,22:44:13.649
2.858,5.5015306,-1.2846711,6.894075,2016-03-09,22:44:13.723
2.925,4.501252,-0.6276256,7.75706,2016-03-09,22:44:13.79
3.028,2.6772153,-1.2160245,9.738003,2016-03-09,22:44:13.893
3.104,-2.3339827,-1.1375713,13.935249,2016-03-09,22:44:13.969
3.155,-2.1476562,-0.2157463,9.335931,2016-03-09,22:44:14.02
3.238,-0.7747253,0.6668522,9.2378645,2016-03-09,22:44:14.103
3.306,-4.059953,-0.44129923,10.159689,2016-03-09,22:44:14.171
3.389,1.6965504,-1.3337044,12.729032,2016-03-09,22:44:14.254
3.455,-6.6587152,-1.1964113,13.150718,2016-03-09,22:44:14.32
3.539,3.8540134,-1.2062179,10.355823,2016-03-09,22:44:14.404
3.607,4.305119,-0.6668522,9.394771,2016-03-09,22:44:14.472
3.659,5.9134097,-0.79433864,8.414105,2016-03-09,22:44:14.524
3.736,5.6976633,-1.1669914,6.266449,2016-03-09,22:44:14.601
3.808,6.237029,-1.4219642,5.8937964,2016-03-09,22:44:14.673
3.889,6.8842683,-0.8237586,5.9428296,2016-03-09,22:44:14.754
3.971,8.286619,-1.7651969,5.540757,2016-03-09,22:44:14.836
4.055,8.394492,-1.3631244,4.6679654,2016-03-09,22:44:14.92
4.105,7.8453197,-1.1964113,2.4614692,2016-03-09,22:44:14.97
4.182,8.13952,-0.2549729,0.51975244,2016-03-09,22:44:15.047
4.256,8.090487,-0.5099458,-1.4415776,2016-03-09,22:44:15.121
4.337,10.934415,-0.1569064,-4.864098,2016-03-09,22:44:15.202
4.4,8.747532,0.10787315,-5.5309505,2016-03-09,22:44:15.265
4.506,9.620323,-0.0588399,-5.599597,2016-03-09,22:44:15.371
4.571,9.149604,0.1569064,-3.7461402,2016-03-09,22:44:15.436
4.616,9.845877,0.5001391,-2.7360554,2016-03-09,22:44:15.481
4.697,9.316318,-1.8338435,-0.02941995,2016-03-09,22:44:15.562
4.765,7.080401,-0.61781895,2.1378496,2016-03-09,22:44:15.63
4.841,7.4922805,0.16671304,3.86382,2016-03-09,22:44:15.706
4.916,6.413549,-1.8534569,6.03109,2016-03-09,22:44:15.781
5.012,6.237029,-1.4219642,8.159133,2016-03-09,22:44:15.877
5.08,4.0991797,-1.3631244,7.531507,2016-03-09,22:44:15.945
5.134,2.5399222,-1.5690639,8.639658,2016-03-09,22:44:15.999
5.206,2.8929617,-2.0888164,11.7973995,2016-03-09,22:44:16.071
5.276,-4.393379,-2.7654753,12.101406,2016-03-09,22:44:16.141
5.359,-3.1479347,1.3042845,10.581375,2016-03-09,22:44:16.224
5.425,-2.8733485,0.2549729,8.365072,2016-03-09,22:44:16.29
5.522,-1.7750036,-0.8041453,7.8159,2016-03-09,22:44:16.387
5.59,2.0790098,-2.9321883,12.925164,2016-03-09,22:44:16.455
5.644,-6.717555,-1.4611908,12.6505785,2016-03-09,22:44:16.509
5.716,4.4326057,-1.6279038,10.012589,2016-03-09,22:44:16.581
5.8,4.7954516,-0.49033248,9.639936,2016-03-09,22:44:16.665
5.869,5.187718,-0.30400613,8.306232,2016-03-09,22:44:16.734
5.946,5.85457,0.098066494,6.4527755,2016-03-09,22:44:16.811
6.042,5.7270837,-1.0493115,6.3743224,2016-03-09,22:44:16.907
6.111,7.2667274,-0.51975244,6.1683826,2016-03-09,22:44:16.976
6.164,7.6001534,-1.706357,5.6388235,2016-03-09,22:44:17.029
6.236,8.061066,-1.5298374,3.4813607,2016-03-09,22:44:17.101
6.306,8.776952,-0.75511205,1.8534569,2016-03-09,22:44:17.171
6.379,8.13952,-0.79433864,-0.2353596,2016-03-09,22:44:17.244
6.456,9.679163,-0.6472389,-2.6281822,2016-03-09,22:44:17.321
6.552,9.610517,0.9022118,-4.2953124,2016-03-09,22:44:17.417
6.618,9.345737,-0.10787315,-5.315204,2016-03-09,22:44:17.483
6.674,9.992976,0.61781895,-4.6679654,2016-03-09,22:44:17.539
6.745,9.7183895,0.098066494,-3.7363336,2016-03-09,22:44:17.61
6.848,9.394771,0.14709975,-2.8733485,2016-03-09,22:44:17.713
6.9,8.904438,-0.74530536,-1.0493115,2016-03-09,22:44:17.765
6.965,7.5413136,-0.74530536,1.8338435,2016-03-09,22:44:17.83
7.012,7.5413136,-0.36284605,1.8338435,2016-03-09,22:44:17.877
7.075,7.953193,-0.92182505,4.0403395,2016-03-09,22:44:17.94
7.115,5.7270837,-1.0296983,4.1285996,2016-03-09,22:44:17.98
7.186,6.2762556,-1.2944778,7.050981,2016-03-09,22:44:18.051
7.269,4.7169986,-0.951245,7.75706,2016-03-09,22:44:18.134
7.336,3.0400615,-1.5200307,9.071151,2016-03-09,22:44:18.201
7.406,0.0784532,-1.5200307,14.288289,2016-03-09,22:44:18.271
7.448,0.0784532,-3.0596747,14.288289,2016-03-09,22:44:18.313
7.5,-5.7172766,-1.0689248,8.875018,2016-03-09,22:44:18.365
7.554,-3.1185145,1.2258313,9.698776,2016-03-09,22:44:18.419
7.626,-5.1386843,1.2258313,8.669079,2016-03-09,22:44:18.491
7.643,-5.1386843,0.40207264,8.669079,2016-03-09,22:44:18.508
7.708,-1.9809432,0.10787315,7.7472534,2016-03-09,22:44:18.573
7.776,-2.0005565,-1.5102241,13.091877,2016-03-09,22:44:18.641
7.9,1.3925443,-0.6374322,9.492837,2016-03-09,22:44:18.765
7.955,3.726527,-1.5004175,9.845877,2016-03-09,22:44:18.82
8.004,3.167548,-0.44129923,9.031924,2016-03-09,22:44:18.869
8.068,4.8052583,-0.40207264,7.894353,2016-03-09,22:44:18.933
8.146,5.6976633,-0.4118793,8.374879,2016-03-09,22:44:19.011
8.216,6.1389627,-0.38245934,7.0411744,2016-03-09,22:44:19.081
8.297,6.894075,-1.8534569,6.766588,2016-03-09,22:44:19.162
8.383,7.109821,-0.8531785,4.677772,2016-03-09,22:44:19.248
8.462,7.943386,-1.2160245,4.393379,2016-03-09,22:44:19.327
8.514,9.071151,-1.5592573,3.1577413,2016-03-09,22:44:19.379
8.586,8.727919,-2.0692031,2.7066352,2016-03-09,22:44:19.451
8.663,7.6688,-1.5592573,1.2356379,2016-03-09,22:44:19.528
8.736,9.031924,-1.1277647,-0.93163174,2016-03-09,22:44:19.601
8.806,9.414384,-1.0591182,-3.7069137,2016-03-09,22:44:19.671
8.909,8.816178,-0.71588546,-5.8447633,2016-03-09,22:44:19.774
8.984,9.551677,-0.0196133,-6.4821954,2016-03-09,22:44:19.849
9.034,9.65955,-0.71588546,-4.707192,2016-03-09,22:44:19.899
9.098,9.473224,-0.49033248,-3.3734875,2016-03-09,22:44:19.963
9.176,9.57129,-1.0885382,-2.0495899,2016-03-09,22:44:20.041
9.246,7.2078876,-1.5788707,1.0395049,2016-03-09,22:44:20.111
9.316,7.560927,-1.0198916,3.3538742,2016-03-09,22:44:20.181
9.416,6.6292953,-0.9022118,4.883712,2016-03-09,22:44:20.281
9.501,5.874183,-1.7651969,6.580262,2016-03-09,22:44:20.366
9.543,5.2857842,-2.6281822,7.58054,2016-03-09,22:44:20.408
9.616,3.3146477,-1.9122967,7.6688,2016-03-09,22:44:20.481
9.686,1.147378,-1.5004175,10.954028,2016-03-09,22:44:20.551
9.769,-0.89240515,-3.1577413,15.935806,2016-03-09,22:44:20.634
9.838,-4.6679654,3.2558076,9.433997,2016-03-09,22:44:20.703
9.932,-1.3925443,-2.7066352,10.110656,2016-03-09,22:44:20.797
10.002,-1.0493115,-2.7066352,10.061623,2016-03-09,22:44:20.867
10.025,-1.0493115,0.48052585,10.061623,2016-03-09,22:44:20.89
10.056,-1.3925443,-0.44129923,9.335931,2016-03-09,22:44:20.921
10.133,-2.5595355,-0.10787315,10.306788,2016-03-09,22:44:20.998
10.219,5.5897903,-4.0403395,8.4925585,2016-03-09,22:44:21.084
10.276,-9.77723,-1.7848103,10.434276,2016-03-09,22:44:21.141
10.363,5.0210047,-1.2454445,9.68897,2016-03-09,22:44:21.228
10.448,5.187718,-0.4707192,8.982891,2016-03-09,22:44:21.313
10.502,5.7859235,-0.48052585,7.8845463,2016-03-09,22:44:21.367
10.568,5.1779113,-0.9022118,5.79573,2016-03-09,22:44:21.433
10.647,6.8842683,-1.2062179,6.305676,2016-03-09,22:44:21.512
10.715,7.0705943,-0.4707192,6.4527755,2016-03-09,22:44:21.58
10.797,7.982613,-0.5982056,5.3053975,2016-03-09,22:44:21.662
10.898,8.472945,-1.3533176,3.6774936,2016-03-09,22:44:21.763
10.944,8.061066,-0.2353596,1.8730701,2016-03-09,22:44:21.809
11.01,8.159133,-0.14709975,-0.2353596,2016-03-09,22:44:21.875
11.089,9.669356,0.088259846,-2.2555294,2016-03-09,22:44:21.954
11.159,9.316318,-0.2353596,-3.971693,2016-03-09,22:44:22.024
11.235,9.071151,0.8139519,-5.8643765,2016-03-09,22:44:22.1
11.306,9.45361,0.02941995,-5.7565036,2016-03-09,22:44:22.171
11.398,9.394771,0.2549729,-4.864098,2016-03-09,22:44:22.263
11.474,9.296704,0.049033247,-3.7069137,2016-03-09,22:44:22.339
11.529,9.522257,-0.40207264,-2.3732092,2016-03-09,22:44:22.394
11.595,8.757339,-1.0885382,-0.9120184,2016-03-09,22:44:22.46
11.677,9.296704,-1.0689248,0.61781895,2016-03-09,22:44:22.542
11.745,7.0902076,-1.0885382,2.1378496,2016-03-09,22:44:22.61
11.816,7.6197667,-1.9711366,4.5208654,2016-03-09,22:44:22.681
11.922,6.0408964,-1.5984839,5.2759776,2016-03-09,22:44:22.787
11.99,5.903603,-1.5592573,6.3939357,2016-03-09,22:44:22.855
12.046,5.8055367,-1.6377105,8.1101,2016-03-09,22:44:22.911
12.116,3.8834333,-2.520309,9.080957,2016-03-09,22:44:22.981
12.188,1.8142302,-2.2751427,9.463417,2016-03-09,22:44:23.053
12.266,-1.1179581,-2.6968286,12.895744,2016-03-09,22:44:23.131
12.338,-2.4516625,-1.539644,10.591182,2016-03-09,22:44:23.203
12.423,-2.657602,1.8240368,10.336209,2016-03-09,22:44:23.288
12.502,-0.5393657,0.60801226,8.551398,2016-03-09,22:44:23.367
12.554,-1.4709975,-2.5497289,11.660107,2016-03-09,22:44:23.419
12.626,-0.06864655,-0.79433864,11.836626,2016-03-09,22:44:23.491
12.696,2.8439283,-0.79433864,10.189109,2016-03-09,22:44:23.561
12.713,2.8439283,-1.8240368,10.189109,2016-03-09,22:44:23.578
12.778,4.2364726,-0.6374322,9.54187,2016-03-09,22:44:23.643
12.871,4.991585,-0.38245934,7.590347,2016-03-09,22:44:23.736
12.946,5.344624,-1.1375713,6.697942,2016-03-09,22:44:23.811
12.998,6.1683826,-1.2356379,6.913688,2016-03-09,22:44:23.863
13.065,6.5998755,-0.42168593,6.8058147,2016-03-09,22:44:23.93
13.159,7.256921,-1.3631244,6.021283,2016-03-09,22:44:24.024
13.22,7.590347,-1.5886773,5.3053975,2016-03-09,22:44:24.085
13.285,7.806093,-1.1277647,4.2953124,2016-03-09,22:44:24.15
13.397,7.247114,-0.65704554,3.2656143,2016-03-09,22:44:24.262
13.443,9.384964,-0.40207264,-1.2552512,2016-03-09,22:44:24.308
13.508,9.080957,-0.1372931,-3.6774936,2016-03-09,22:44:24.373
13.587,10.434276,-0.24516624,-6.0899296,2016-03-09,22:44:24.452
13.655,8.3846855,0.06864655,-6.1978025,2016-03-09,22:44:24.52
13.726,9.463417,-0.4511059,-4.324733,2016-03-09,22:44:24.591
13.807,9.45361,-0.9120184,-2.5693421,2016-03-09,22:44:24.672
13.909,9.57129,-0.93163174,0.37265268,2016-03-09,22:44:24.774
13.983,7.6491866,-1.3140911,1.9613299,2016-03-09,22:44:24.848
14.022,8.021839,-0.88259846,3.7951734,2016-03-09,22:44:24.887
14.098,7.001948,-1.8926834,5.060231,2016-03-09,22:44:24.963
14.176,5.874183,-2.3732092,6.590069,2016-03-09,22:44:25.041
14.247,4.785645,-1.7750036,8.472945,2016-03-09,22:44:25.112
14.315,2.6477954,0.17651969,8.816178,2016-03-09,22:44:25.18
14.417,0.79433864,-2.8439283,9.68897,2016-03-09,22:44:25.282
14.484,-1.2258313,-4.324733,14.474615,2016-03-09,22:44:25.349
14.544,-2.4222424,-0.00980665,10.277369,2016-03-09,22:44:25.409
14.616,2.3732092,-0.93163174,9.57129,2016-03-09,22:44:25.481
14.686,-1.8044236,0.588399,9.012311,2016-03-09,22:44:25.551
14.756,-2.1476562,-1.1081514,9.95375,2016-03-09,22:44:25.621
14.838,-1.2846711,-1.4317709,12.591739,2016-03-09,22:44:25.703
14.932,2.0397832,-1.6279038,9.267284,2016-03-09,22:44:25.797
15.002,1.2062179,1.2258313,10.287175,2016-03-09,22:44:25.867
15.054,1.735777,-1.99075,9.9047165,2016-03-09,22:44:25.919
15.126,3.5303938,0.1372931,8.247393,2016-03-09,22:44:25.991
15.196,5.88399,-1.1669914,7.806093,2016-03-09,22:44:26.061
15.278,7.149048,-0.0196133,7.453054,2016-03-09,22:44:26.143
15.346,6.668522,-0.30400613,5.9722495,2016-03-09,22:44:26.211
15.442,6.8450418,-1.2552512,5.393657,2016-03-09,22:44:26.307
15.508,7.502087,-0.93163174,5.5799837,2016-03-09,22:44:26.373
15.564,7.913966,-0.79433864,4.256086,2016-03-09,22:44:26.429
15.636,8.276813,-1.1964113,2.3732092,2016-03-09,22:44:26.501
15.717,9.179024,-1.0100849,0.37265268,2016-03-09,22:44:26.582
15.788,8.718112,-0.5099458,-1.3827376,2016-03-09,22:44:26.653
15.858,9.257478,-0.4707192,-2.9714148,2016-03-09,22:44:26.723
15.964,9.463417,0.0588399,-4.256086,2016-03-09,22:44:26.829
16.039,9.787037,-0.20593965,-4.7954516,2016-03-09,22:44:26.904
16.079,9.708583,0.098066494,-4.3639593,2016-03-09,22:44:26.944
16.158,9.2378645,-0.16671304,-3.5696206,2016-03-09,22:44:27.023
16.228,9.502644,-0.34323275,-2.657602,2016-03-09,22:44:27.093
16.299,9.0515375,-0.34323275,-1.5886773,2016-03-09,22:44:27.164
16.314,9.0515375,-0.8139519,-1.5886773,2016-03-09,22:44:27.179
16.395,9.845877,-0.8531785,0.20593965,2016-03-09,22:44:27.26
16.46,7.1882744,-0.8531785,1.343511,2016-03-09,22:44:27.325
16.49,7.1882744,-1.1375713,1.343511,2016-03-09,22:44:27.355
16.522,8.472945,-0.5982056,2.8635418,2016-03-09,22:44:27.387
16.598,7.4432473,-1.7161638,3.8147867,2016-03-09,22:44:27.463
16.665,6.4821954,-1.3827376,6.2958694,2016-03-09,22:44:27.53
16.747,5.76631,-0.5982056,8.217973,2016-03-09,22:44:27.612
16.847,2.912575,-1.6671305,9.071151,2016-03-09,22:44:27.712
16.907,2.186883,-1.2160245,8.659272,2016-03-09,22:44:27.772
16.96,3.7167203,-2.1966896,11.67972,2016-03-09,22:44:27.825
17.036,-2.1084297,-2.1574628,10.0910425,2016-03-09,22:44:27.901
17.106,0.2941995,-0.0196133,10.669635,2016-03-09,22:44:27.971
17.187,-1.147378,-0.8237586,9.120184,2016-03-09,22:44:28.052
17.255,-2.9714148,0.60801226,9.335931,2016-03-09,22:44:28.12
17.376,0.28439283,-0.0196133,7.6884136,2016-03-09,22:44:28.241
17.414,-0.89240515,-0.0196133,14.572681,2016-03-09,22:44:28.279
17.466,-0.89240515,-1.9515233,14.572681,2016-03-09,22:44:28.331
17.481,0.83356524,-0.6276256,10.983448,2016-03-09,22:44:28.346
17.553,3.167548,-0.588399,9.875297,2016-03-09,22:44:28.418
17.626,2.912575,0.71588546,8.659272,2016-03-09,22:44:28.491
17.696,4.7758384,-0.0588399,8.3846855,2016-03-09,22:44:28.561
17.793,5.8055367,-0.3138128,7.305954,2016-03-09,22:44:28.658
17.855,7.001948,-1.2160245,7.4334407,2016-03-09,22:44:28.72
17.918,6.4723887,-0.89240515,6.2468357,2016-03-09,22:44:28.783
17.996,7.4334407,-1.7259704,5.6094036,2016-03-09,22:44:28.861
18.066,7.305954,-1.3533176,4.834678,2016-03-09,22:44:28.931
18.136,8.178746,-1.5690639,3.471554,2016-03-09,22:44:29.001
18.217,8.757339,-1.6671305,2.4222424,2016-03-09,22:44:29.082
18.313,8.718112,-0.71588546,0.32361946,2016-03-09,22:44:29.178
18.381,8.894631,-0.49033248,-1.5690639,2016-03-09,22:44:29.246
18.444,9.5320635,0.0,-3.7951734,2016-03-09,22:44:29.309
18.505,9.326124,0.6472389,-5.1386843,2016-03-09,22:44:29.37
18.581,9.5320635,0.049033247,-5.4328837,2016-03-09,22:44:29.446
18.656,9.286898,-0.24516624,-4.501252,2016-03-09,22:44:29.521
18.726,9.522257,-0.2157463,-3.5892339,2016-03-09,22:44:29.591
18.828,9.18883,0.10787315,-2.5791488,2016-03-09,22:44:29.693
18.892,9.2378645,-1.0983448,-0.3334261,2016-03-09,22:44:29.757
18.948,8.992698,-1.4906107,1.5102241,2016-03-09,22:44:29.813
19.027,7.7178335,-1.3533176,2.520309,2016-03-09,22:44:29.892
19.095,7.9041595,-0.5982056,3.559814,2016-03-09,22:44:29.96
19.166,7.4432473,-1.4513842,5.2857842,2016-03-09,22:44:30.031
19.247,6.00167,-1.0787314,5.4819174,2016-03-09,22:44:30.112
19.35,5.8447633,-1.4023509,7.3451805,2016-03-09,22:44:30.215
19.402,3.1283212,-2.6379888,7.72764,2016-03-09,22:44:30.267
19.472,2.3634026,-2.8047018,9.639936,2016-03-09,22:44:30.337
19.533,2.4026291,-2.0593965,14.013702,2016-03-09,22:44:30.398
19.606,-3.5303938,-0.42168593,11.2384205,2016-03-09,22:44:30.471
19.687,0.8629852,-0.39226598,10.179302,2016-03-09,22:44:30.552
19.755,-2.9714148,1.0002782,9.581097,2016-03-09,22:44:30.62
19.875,-2.5497289,0.0784532,9.139797,2016-03-09,22:44:30.74
19.913,-1.1571847,-0.5295591,8.100293,2016-03-09,22:44:30.778
19.98,-2.0005565,-2.128043,13.935249,2016-03-09,22:44:30.845
20.056,1.8632635,-1.5788707,10.600988,2016-03-09,22:44:30.921
20.126,1.6180972,0.2745862,10.816734,2016-03-09,22:44:30.991
20.196,1.6377105,-0.37265268,10.120462,2016-03-09,22:44:31.061
20.277,3.971693,-1.4513842,8.482752,2016-03-09,22:44:31.142
20.363,4.677772,-1.0296983,7.6001534,2016-03-09,22:44:31.228
20.441,5.85457,-1.7848103,7.678607,2016-03-09,22:44:31.306
20.494,6.413549,-1.5200307,7.4432473,2016-03-09,22:44:31.359
20.568,6.8058147,-1.2846711,5.7270837,2016-03-09,22:44:31.433
20.636,7.354987,-1.0395049,5.442691,2016-03-09,22:44:31.501
20.717,7.737447,-1.0296983,4.579705,2016-03-09,22:44:31.582
20.785,7.963,-1.0100849,3.2852278,2016-03-09,22:44:31.65
20.886,8.159133,-0.97085834,1.3827376,2016-03-09,22:44:31.751
20.945,9.335931,-0.42168593,-0.8237586,2016-03-09,22:44:31.81
21.005,9.306511,-0.1569064,-2.9812214,2016-03-09,22:44:31.87
21.076,8.855405,-0.28439283,-4.344346,2016-03-09,22:44:31.941
21.157,9.384964,0.0588399,-5.011198,2016-03-09,22:44:32.022
21.225,9.698776,-0.0196133,-4.8739047,2016-03-09,22:44:32.09
21.305,9.473224,-0.12748645,-4.2168593,2016-03-09,22:44:32.17
21.409,9.433997,-0.30400613,-3.3734875,2016-03-09,22:44:32.274
21.456,9.120184,-0.56878567,-2.657602,2016-03-09,22:44:32.321
21.524,9.179024,-0.61781895,-1.0689248,2016-03-09,22:44:32.389
21.597,9.708583,-0.97085834,0.38245934,2016-03-09,22:44:32.462
21.665,9.267284,-1.4219642,1.5298374,2016-03-09,22:44:32.53
21.747,6.639102,-0.78453195,1.9221034,2016-03-09,22:44:32.612
21.815,7.8551264,-1.0885382,4.001113,2016-03-09,22:44:32.68
21.919,6.9823346,-1.6965504,5.0013914,2016-03-09,22:44:32.784
21.994,6.894075,-2.0692031,7.5118937,2016-03-09,22:44:32.859
22.041,4.530672,-1.9613299,7.9335794,2016-03-09,22:44:32.906
22.106,3.4519408,-2.5791488,8.423912,2016-03-09,22:44:32.971
22.187,2.2163029,-1.7259704,8.443525,2016-03-09,22:44:33.052
22.255,2.9027684,-1.4415776,11.277647,2016-03-09,22:44:33.12
22.338,-0.44129923,-1.735777,10.336209,2016-03-09,22:44:33.203
22.431,-0.44129923,-0.6668522,8.776952,2016-03-09,22:44:33.296
22.507,-2.3634026,0.48052585,9.031924,2016-03-09,22:44:33.372
22.574,-2.0790098,-0.00980665,8.943665,2016-03-09,22:44:33.439
22.621,-1.6573238,-0.00980665,9.061344,2016-03-09,22:44:33.486
22.643,-1.6573238,0.19613299,9.061344,2016-03-09,22:44:33.508
22.698,1.176798,-1.5004175,12.523091,2016-03-09,22:44:33.563
22.778,-2.0299766,-1.8828768,11.748366,2016-03-09,22:44:33.643
22.881,2.324176,-2.2064962,9.914523,2016-03-09,22:44:33.746
22.931,4.197246,-0.57859236,10.395049,2016-03-09,22:44:33.796
22.993,4.1580195,-1.0689248,8.531785,2016-03-09,22:44:33.858
23.066,5.5799837,-1.1571847,7.531507,2016-03-09,22:44:33.931
23.136,6.688135,-1.4513842,6.8842683,2016-03-09,22:44:34.001
23.217,7.3451805,-1.6377105,5.746697,2016-03-09,22:44:34.082
23.285,7.806093,-0.8531785,5.8447633,2016-03-09,22:44:34.15
23.386,6.7862015,-0.39226598,4.511059,2016-03-09,22:44:34.251
23.454,7.7962866,-0.65704554,3.079288,2016-03-09,22:44:34.319
23.509,8.502365,-1.0002782,2.0495899,2016-03-09,22:44:34.374
23.586,8.914245,-0.9022118,-0.28439283,2016-03-09,22:44:34.451
23.658,9.4241905,-0.14709975,-2.3045628,2016-03-09,22:44:34.523
23.726,8.708305,-0.5001391,-3.9030466,2016-03-09,22:44:34.591
23.796,9.071151,-0.5001391,-5.403464,2016-03-09,22:44:34.661
23.836,9.071151,-0.3138128,-5.403464,2016-03-09,22:44:34.701
23.891,10.306788,0.588399,-5.4328837,2016-03-09,22:44:34.756
23.946,9.120184,-0.26477954,-5.1975245,2016-03-09,22:44:34.811
24.016,9.012311,-0.26477954,-4.481639,2016-03-09,22:44:34.881
24.033,9.012311,0.098066494,-4.481639,2016-03-09,22:44:34.898
24.098,9.394771,0.0392266,-3.638267,2016-03-09,22:44:34.963
24.165,9.2378645,0.0,-2.0692031,2016-03-09,22:44:35.03
24.267,9.306511,-1.0591182,-1.0493115,2016-03-09,22:44:35.132
24.325,9.698776,-1.0591182,0.42168593,2016-03-09,22:44:35.19
24.385,9.698776,-0.92182505,0.42168593,2016-03-09,22:44:35.25
24.401,7.404021,-1.0100849,1.7750036,2016-03-09,22:44:35.266
24.459,7.0411744,-0.5393657,3.559814,2016-03-09,22:44:35.324
24.537,7.109821,-0.6766588,5.0308113,2016-03-09,22:44:35.402
24.605,6.080123,-1.372931,6.4233556,2016-03-09,22:44:35.47
24.703,4.7169986,-1.2846711,7.6491866,2016-03-09,22:44:35.568
24.782,2.7654753,-1.4415776,8.051259,2016-03-09,22:44:35.647
24.838,2.6772153,-2.294756,12.356379,2016-03-09,22:44:35.703
24.906,-0.42168593,-3.6088471,12.719225,2016-03-09,22:44:35.771
24.976,-2.9518015,1.6671305,10.042009,2016-03-09,22:44:35.841
25.046,-3.000835,1.6671305,10.032203,2016-03-09,22:44:35.911
25.062,-3.000835,0.0,10.032203,2016-03-09,22:44:35.927
25.143,-2.0397832,-1.0296983,8.3846855,2016-03-09,22:44:36.008
25.222,-2.7948952,0.48052585,9.120184,2016-03-09,22:44:36.087
25.274,3.4323275,-2.2064962,12.179859,2016-03-09,22:44:36.139
25.348,-2.9616082,-2.3437893,12.258312,2016-03-09,22:44:36.213
25.415,3.971693,-3.246001,9.943943,2016-03-09,22:44:36.28
25.497,2.2849493,0.0392266,7.60996,2016-03-09,22:44:36.362
25.565,4.511059,-1.0885382,8.423912,2016-03-09,22:44:36.43
25.667,4.677772,-0.40207264,7.4628606,2016-03-09,22:44:36.532
25.719,5.6388235,-2.1574628,7.63938,2016-03-09,22:44:36.584
25.802,6.668522,-1.343511,6.9529147,2016-03-09,22:44:36.667
25.859,7.1784678,-0.6374322,6.217416,2016-03-09,22:44:36.724
25.936,7.6197667,-0.2549729,5.5897903,2016-03-09,22:44:36.801
26.006,7.7766733,-0.98066497,2.2163029,2016-03-09,22:44:36.871
26.076,9.179024,-1.0296983,1.3631244,2016-03-09,22:44:36.941
26.178,9.365351,-1.0002782,0.51975244,2016-03-09,22:44:37.043
26.257,8.992698,-0.2745862,-1.1375713,2016-03-09,22:44:37.122
26.298,8.718112,0.0392266,-2.941995,2016-03-09,22:44:37.163
26.379,9.473224,-0.4511059,-4.0991797,2016-03-09,22:44:37.244
26.445,9.728196,-0.26477954,-4.4424124,2016-03-09,22:44:37.31
26.516,9.100571,-0.26477954,-4.8739047,2016-03-09,22:44:37.381
26.542,9.100571,-1.1571847,-4.8739047,2016-03-09,22:44:37.407
26.626,9.277091,-0.6276256,-4.5698986,2016-03-09,22:44:37.491
26.694,9.365351,-0.83356524,-3.971693,2016-03-09,22:44:37.559
26.738,9.54187,-0.48052585,-2.912575,2016-03-09,22:44:37.603
26.818,9.022118,-0.83356524,-2.2163029,2016-03-09,22:44:37.683
26.888,9.012311,-0.97085834,-0.6276256,2016-03-09,22:44:37.753
26.958,9.787037,-0.8237586,1.4415776,2016-03-09,22:44:37.823
27.036,7.806093,-0.5099458,2.9714148,2016-03-09,22:44:37.901
27.132,6.0899296,-1.4415776,3.7461402,2016-03-09,22:44:37.997
27.198,6.9529147,-2.0005565,6.1193495,2016-03-09,22:44:38.063
27.254,5.3642373,-2.0397832,7.0705943,2016-03-09,22:44:38.119
27.337,3.7363336,-2.1476562,9.355544,2016-03-09,22:44:38.202
27.405,2.0888164,-1.9613299,8.718112,2016-03-09,22:44:38.27
27.476,3.1479347,-2.7066352,12.219086,2016-03-09,22:44:38.341
27.546,-2.8635418,-2.4222424,13.219364,2016-03-09,22:44:38.411
27.654,-0.9904716,-0.4707192,9.728196,2016-03-09,22:44:38.519
27.721,-0.1569064,-0.098066494,10.238142,2016-03-09,22:44:38.586
27.779,-1.2258313,-0.12748645,9.2378645,2016-03-09,22:44:38.644
27.855,-1.4808041,-0.9022118,9.267284,2016-03-09,22:44:38.72
27.918,-0.20593965,-0.3334261,10.816734,2016-03-09,22:44:38.783
27.994,2.0397832,-3.0106416,11.277647,2016-03-09,22:44:38.859
28.066,-2.3437893,-0.40207264,10.277369,2016-03-09,22:44:38.931
28.166,2.5006957,-3.216581,10.189109,2016-03-09,22:44:39.031
28.239,3.3734875,-1.0002782,9.247671,2016-03-09,22:44:39.104
28.289,3.80498,-1.2552512,9.5320635,2016-03-09,22:44:39.154
28.358,3.7461402,-1.6180972,8.688692,2016-03-09,22:44:39.223
28.436,4.6973853,-1.6082906,6.9333014,2016-03-09,22:44:39.301
28.506,6.943108,-1.6377105,6.541035,2016-03-09,22:44:39.371
28.576,7.531507,-0.71588546,6.4233556,2016-03-09,22:44:39.441
28.682,7.276534,-1.4513842,5.393657,2016-03-09,22:44:39.547
28.734,7.6688,-0.78453195,4.1874394,2016-03-09,22:44:39.599
28.802,8.512172,-0.88259846,2.1770763,2016-03-09,22:44:39.667
28.884,9.296704,-0.61781895,1.3533176,2016-03-09,22:44:39.749
28.945,8.796565,-0.5491724,-0.38245934,2016-03-09,22:44:39.81
29.016,8.973084,-0.1176798,-2.265336,2016-03-09,22:44:39.881
29.097,9.473224,-0.56878567,-3.6774936,2016-03-09,22:44:39.962
29.192,9.355544,-0.36284605,-4.481639,2016-03-09,22:44:40.057
29.26,9.522257,-0.16671304,-5.070038,2016-03-09,22:44:40.125
29.316,9.581097,-0.12748645,-4.6091256,2016-03-09,22:44:40.181
29.39,9.394771,-0.51975244,-4.0795665,2016-03-09,22:44:40.255
29.455,9.7183895,-0.3138128,-3.2263877,2016-03-09,22:44:40.32
29.537,9.306511,-0.48052585,-1.8632635,2016-03-09,22:44:40.402
29.605,9.110377,-0.6472389,-0.84337187,2016-03-09,22:44:40.47
29.702,9.031924,-0.951245,0.0,2016-03-09,22:44:40.567
29.767,8.904438,-1.2160245,1.5690639,2016-03-09,22:44:40.632
29.832,7.913966,-0.9904716,3.3244543,2016-03-09,22:44:40.697
29.902,7.305954,-1.1571847,4.6189322,2016-03-09,22:44:40.767
29.977,7.3157606,-1.99075,6.080123,2016-03-09,22:44:40.842
30.045,4.628739,-2.1084297,7.119628,2016-03-09,22:44:40.91
30.127,4.4326057,-0.79433864,6.7273617,2016-03-09,22:44:40.992
30.238,3.8147867,-3.6284604,9.198637,2016-03-09,22:44:41.103
30.291,2.941995,-3.6578803,9.51245,2016-03-09,22:44:41.156
30.345,1.735777,-3.0694814,11.32668,2016-03-09,22:44:41.21
30.416,-0.5295591,-2.0790098,11.817013,2016-03-09,22:44:41.281
30.486,0.5393657,-0.42168593,10.169496,2016-03-09,22:44:41.351
30.567,-1.0885382,0.37265268,8.796565,2016-03-09,22:44:41.432
30.635,-0.8041453,-1.3042845,10.130269,2016-03-09,22:44:41.5
30.732,1.1081514,-0.8531785,11.336487,2016-03-09,22:44:41.597
30.81,-2.6477954,-1.3238977,9.796844,2016-03-09,22:44:41.675
30.863,2.7262487,-2.745862,10.5715685,2016-03-09,22:44:41.728
30.926,2.9321883,-0.32361946,9.63013,2016-03-09,22:44:41.791
31.008,4.677772,-0.8139519,8.600431,2016-03-09,22:44:41.873
31.075,5.8643765,-0.8139519,6.835235,2016-03-09,22:44:41.94
31.146,7.72764,-1.2748644,7.4922805,2016-03-09,22:44:42.011
31.248,7.6688,-0.92182505,6.1978025,2016-03-09,22:44:42.113
31.338,7.531507,-1.0296983,5.187718,2016-03-09,22:44:42.203
31.37,8.188553,-1.2356379,4.0795665,2016-03-09,22:44:42.235
31.444,8.1983595,-1.93191,3.000835,2016-03-09,22:44:42.309
31.516,8.090487,-0.98066497,2.5497289,2016-03-09,22:44:42.381
31.586,9.061344,-0.98066497,0.5001391,2016-03-09,22:44:42.451
31.602,9.061344,-1.6475172,0.5001391,2016-03-09,22:44:42.467
31.683,9.2378645,0.0196133,-1.0296983,2016-03-09,22:44:42.548
31.772,9.787037,-0.57859236,-2.657602,2016-03-09,22:44:42.637
31.814,9.45361,0.28439283,-3.4813607,2016-03-09,22:44:42.679
31.889,10.002783,-0.2157463,-3.3440676,2016-03-09,22:44:42.754
31.955,9.51245,0.049033247,-2.853735,2016-03-09,22:44:42.82
32.027,10.051816,-0.38245934,-2.8341217,2016-03-09,22:44:42.892
32.106,9.698776,-0.2353596,-0.92182505,2016-03-09,22:44:42.971
32.203,9.698776,-0.8237586,-1.5690639,2016-03-09,22:44:43.068
32.272,9.698776,-0.8237586,-1.372931,2016-03-09,22:44:43.137
32.295,9.041731,-0.12748645,-1.372931,2016-03-09,22:44:43.16
32.329,9.581097,-0.89240515,-1.5690639,2016-03-09,22:44:43.194
32.404,9.394771,-0.60801226,0.10787315,2016-03-09,22:44:43.269
32.476,9.228058,-0.98066497,1.3631244,2016-03-09,22:44:43.341
32.546,8.737725,-0.0196133,5.70747,2016-03-09,22:44:43.411
32.632,6.580262,-4.403186,2.294756,2016-03-09,22:44:43.497
32.707,6.560649,-1.2160245,6.6783285,2016-03-09,22:44:43.572
32.764,6.590069,-2.8929617,6.4037423,2016-03-09,22:44:43.629
32.838,4.589512,-3.3244543,6.9921412,2016-03-09,22:44:43.703
32.916,-4.0403395,-14.288289,15.720059,2016-03-09,22:44:43.781
33.009,3.275421,-0.28439283,9.649743,2016-03-09,22:44:43.874
33.058,0.9904716,1.1375713,12.326959,2016-03-09,22:44:43.923
33.164,5.3838506,-4.815065,6.796008,2016-03-09,22:44:44.029
33.241,5.148491,0.3138128,9.845877,2016-03-09,22:44:44.106
33.28,5.5603704,-1.706357,7.9924197,2016-03-09,22:44:44.145
33.358,6.266449,0.9904716,6.6587152,2016-03-09,22:44:44.223
33.425,3.2950344,0.28439283,5.0308113,2016-03-09,22:44:44.29
33.507,4.2462792,-0.42168593,14.111769,2016-03-09,22:44:44.372
33.575,-3.3636808,-1.9122967,10.375436,2016-03-09,22:44:44.44
33.672,3.0204482,-0.6668522,8.669079,2016-03-09,22:44:44.537
33.743,0.56878567,-0.6668522,10.963835,2016-03-09,22:44:44.608
33.77,0.56878567,-0.9120184,10.963835,2016-03-09,22:44:44.635
33.795,1.4906107,-0.98066497,9.80665,2016-03-09,22:44:44.66
33.874,1.2062179,-0.8041453,8.688692,2016-03-09,22:44:44.739
33.95,-0.6668522,-2.0692031,9.698776,2016-03-09,22:44:44.815
34.016,0.9414384,-1.4906107,9.492837,2016-03-09,22:44:44.881
34.103,0.36284605,-1.3042845,9.610517,2016-03-09,22:44:44.968
34.178,0.6766588,-1.176798,9.973363,2016-03-09,22:44:45.043
34.233,0.79433864,-0.8237586,9.68897,2016-03-09,22:44:45.098
34.306,0.3334261,-0.2353596,9.698776,2016-03-09,22:44:45.171
34.389,0.1176798,-0.84337187,9.463417,2016-03-09,22:44:45.254
34.454,0.0,-1.0983448,9.767424,2016-03-09,22:44:45.319
34.526,1.0100849,-0.7649187,10.434276,2016-03-09,22:44:45.391
34.634,-1.0787314,-1.1964113,9.992976,2016-03-09,22:44:45.499
34.702,2.657602,-0.75511205,9.394771,2016-03-09,22:44:45.567
34.746,0.1569064,-0.6374322,10.140076,2016-03-09,22:44:45.611
34.838,1.2552512,-0.40207264,9.257478,2016-03-09,22:44:45.703
34.898,0.049033247,-0.5099458,10.238142,2016-03-09,22:44:45.763
34.976,1.7553903,-0.37265268,9.492837,2016-03-09,22:44:45.841
35.046,0.71588546,-0.44129923,10.100849,2016-03-09,22:44:45.911
35.142,1.706357,-0.8237586,9.80665,2016-03-09,22:44:46.007
35.213,1.7651969,-0.8237586,9.492837,2016-03-09,22:44:46.078
35.236,1.7651969,-0.5099458,9.492837,2016-03-09,22:44:46.101
35.266,1.6769371,-0.3334261,9.473224,2016-03-09,22:44:46.131
35.344,1.5494506,-0.78453195,9.345737,2016-03-09,22:44:46.209
35.416,0.6276256,-0.6668522,10.071429,2016-03-09,22:44:46.281
35.496,0.40207264,-0.92182505,9.747809,2016-03-09,22:44:46.361
35.572,1.2356379,-1.0100849,9.63013,2016-03-09,22:44:46.437
35.66,0.4707192,-0.4314926,10.120462,2016-03-09,22:44:46.525
35.743,1.1866046,-0.56878567,9.787037,2016-03-09,22:44:46.608
